Binder_ID,Parent_Scaffold,Sequence
design_AF_6M0J_272_seq1,design_AF_6M0J_272,SEELLEKWKRLQAERLK/GKPCPLDEILNAPEFASVDAFAVTVLENCVIDLLSIKNSGTWDVFKSYGVPVEEAQDLCWTRVLAYSFVTRGKDVKEVAPGQTGRIADYNFRLPADFTGTVLAKEIRDKACKPGGNTKYRYRRYAPAPLAPFERDTSTDIYQLNSTPCNGVTGPGCVDPWEAYVCEPSQPEEEQPYRVVVLRFEQTPEPPTVCG
design_AF_6M0J_272_seq2,design_AF_6M0J_272,SAASLARFRALQAARLA/GLPCPLDSVLNASSFASVHAFARTELTNCVIDLLSIKNSGTWDVFKCYGVPIEEMQNLCFTRVTADSFVTRGKEVAEVAPGATGRIADYNYRLPADFTGCVIAKNIRDKYAKPGGNFTYSYRRYRPRPLAPFERDTSTDIYQLGSTPCNGVEGPNCVNPWKKYNFEPSQPESEQPYRVVVLRFELSPEPPTVCG
design_AF_6M0J_272_seq3,design_AF_6M0J_272,TAATLAELRALQAARLA/GKPCPLDEILNADKFASVHAFATTELTNCVIDLTAIKNSGTWDVFKCYGVPVEEMQGLCFTRVLADSFVTRGKEVKEIAPGATGRIADYNFRLPADFRGCVLARNITDKYCKPGGNFTYHYRRYAPRPLAPFERDTSTEIYQLGPTPCNGVEGPDCVNPWEAYNCEPTQPPEEQPYRVVVLRFEQTAEPPTVCG
design_AF_6M0J_272_seq4,design_AF_6M0J_272,TEALLALFKALQAKRLK/GKPCPLDDILNADTYASIYDFATTELSNCVIDWTAIKNSGTWDVFKSYGVPVDELQNLCFTLVKADSFVTRGSEVKEIAPGQTGRIADYNYRLPADFTGIVIARNVTDKYCKEGGNFTYKYRRYAPKPLAPYEKDTSTEIYQAGPKPCNGKVGPNCYNPWKAYNCEPTQPASEQPYAVVIFRFELTDKPPTVCG
design_AF_6M0J_272_seq5,design_AF_6M0J_272,MEEQLKRFKELQAKRLK/GKPCPLESILNAETFASIYDFSTTELTNCVIDLTALANSGTWDVLKAYGVPIEEAQNLCFNRVLAHSFVTRGKDVKEIAPGQKGKIADYNFRLPEDFTGVVIARNITDKYCKPGGNFTYKYRKYAPSPLKPYEKDTSTDIYQLGSTPCNGKEGPNCVNPIEAYNCEPSQPPEEQPYRVVVLVFEQTEEPPTVCG
design_AF_6M0J_272_seq6,design_AF_6M0J_272,MEETLKEIKEQQAKRLK/DKPCPLESIINADTFASVYNFAKTVLKNCKIDLLSIKNSGEWDVFKCYGVPVEELQNLGFNEVYAYSFVVKGKDVKEIAPGATGEIADYNFRLPADFRGCVIAKDITDKYAKEGGNFTYKYRKYAPKPLAPFEKDTSTDIYQLGSTPCNGKEGPNCVNPIKAYNFEPSQPKEEQPYRVIVLDFTLTEEPPTVYG
design_AF_6M0J_272_seq7,design_AF_6M0J_272,MEASLAEWRALQAERLA/GKPCPLDEILNASTYASIYAFSKTVLENCVIDLLSIANSGTWDVFKCYGIPVEELQNLGFTRVLAYSFVTKGKDVKEVAPGQTGAIADYNFRLPADFRGCVLAKNVTDKYCVSGGNTTYKYRAYAPKPLAPYEVDTSTDIYQLGSTPCNGKEGPNCVNPIKAYNCEPSDPPENQPYAVVVLDFELTPEPPTVVG
design_AF_6M0J_272_seq8,design_AF_6M0J_272,MEASLREWRALQARRLR/GRPCPLEDILNAETFASVYDFAKTVLENCVIDLLAIANSGEWDVFKCYGVPVEQAQSLGFTRVYAYSFVTRGKDVSEIAPGKTGEIADYNFRLPADFRGCVIARNITDKYCKPGGNFTYKYRKYAPKPLAPFEKDTSTDIYQANSTPCNGKVGPGCYDPIKAYNCEPSQPPEEQPYRVVVLEFELTDEPPTVVG
design_AF_6M0J_272_seq9,design_AF_6M0J_272,MEKSLEEFKKLQAERLK/GRPCPLEEILNAEKFASVYDFATTTLTNCVIDLTSIANSGEWDVFKCYGVPVEEAQNLCFTEVTADSFVTRGKDVKEIAPGATGKIADYNFRLPEDFKGCVLAKNITDKYCKEGGNFTYKYREYAPKPLEPYEKDTSTDIYQLGPTPCNGKEGPNCVNPWKAYNCEPSQPPEEQPYRVIVLRFTQSSKPPTVCG
design_AF_6M0J_272_seq10,design_AF_6M0J_272,MEESLKEWKELEKERLK/GKPCPLEDILNADEFASIYDFATTTLTNCTIDLTAIKNSGEWDVFKCYGVPVEEAQNLGFTEVKAHSFVTKGKDVKEIAPGQKGKIADYNYRLPEDFRGCVLAKNITDKYCKKGGNKTYKYRKYAERPLKPYEKDTSTDIYQLGSTPCNGKEGPNCVNPIEAYNCEPTDPPEEQPYRVVVLDFTLTSEPPTVVG
design_AF_6M0J_55_seq1,design_AF_6M0J_55,EISERLKRLEEKYAKL/GKPCPLDSIINASSFASIYNFSKTELTNCVINFTSIKNSNTWDVFKCYGIPVDELQNRCFNKVYAYSFVTKGKEVKEIAPGATGRIADYNFRLPEDFTGCVIAKDITDKYCKSGGNFTYKYREYATKPLAPYEKDTSTDIYQLNSTPCNGKEGPGCVNPIKAYNCEPSDPPENKPYRVIILDFEITDKPCTVCG
design_AF_6M0J_55_seq2,design_AF_6M0J_55,SISEKLKELIKKYAKL/GKPCPLESILNAATFASIYDFASTVLSNCVIDLLSIKNSGTWDVFKCYGLPIEEMQNACFNKVTADSFVTKGKEVKEIAPGQTGKIADYNYRLPDDFTGCVIAKNITDKYAKEGGNFTYKYRKYAPAPLKPYEKDTSTDIYQLNTTPCNGKTGPGCVDPIEAYNFEPSQPPEEQPYAVVVLRFEITEEPATVCG
design_AF_6M0J_55_seq3,design_AF_6M0J_55,SISKKLKELIKKYSKL/GKPCPLDSILNASSFASVYNFSVTTIKNCVIDLTSIKNSGTWDVFKPYGLPVEEAQNYCFTEVKAYSFVTRGKEVKEIAPGATGKIADYNFRLPADFTGIVIARNVKDKYCKEGGNFTYKYRKYAPSPLAPFEKDTSTDIYQLNSTPCNGVVGPGCVNPWEAYNCEPSQPEEEQPYQVVVLDFTISEEPCTVCG
design_AF_6M0J_55_seq4,design_AF_6M0J_55,SISERLKKEIEKFRKL/GKPCPLDDVLNASEFASIYDFAETVLSNCVIDLTSIKNSGTWDVFKCYGIPVEEAQNRCFHEVTAYSFVTRGKHVKEIAPGQTGEIADYNFRLPEDFTGCVIARNITDKYCKPGGNFKYKYRRYAPKPLQPFEKDTSTDIYQANATPCNGKEGPGCYNPWEAYNCEPSQPPEEQPYRVVVLDFSISSEPCTVCG
design_AF_6M0J_55_seq5,design_AF_6M0J_55,SIREELLKEIEKYRKL/GKPCPLDDILNADTYASIYAFATTTLTNCVIDLLSLKNSGEWDVFKSYGLPVEELQNACFNKVLAHSFVTRGKDVKEIAPGQTGKIADYNFRLPEDFRGIVIAKDITDKYCKSGGNFTYKYRKYAPKPLKPYERDTSTDIYQLNSTPCNGKVGPGCVNPIEAYNCEPSQPKEEQPYRVVVLDFFISEEPATVCG
design_AF_6M0J_55_seq6,design_AF_6M0J_55,SISKKLKELIKKYKKL/GKPCPLEEILNAEKFASIHAFSRTVLKNCIIDFTSIKNSGTWDVFKCYGLPIDELQNYCFTEVYAYSFVTKGKDVKEIAPGQTGKIADYNFRLPADFTGCVIAKNIKDKYCKEGGNFTYHYRAYAPKPLAPFEKDTSTDIYQLGSTPCNGKEGPNCVNPWKAYNCEPSQPASEQPYRVVILDFIISEEPCTVCG
design_AF_6M0J_55_seq7,design_AF_6M0J_55,SIREKLKELIKKYSKL/GKPCPLDAILNASTFASIYAFATTVLENCVIDFVAIKNSGTWDVFKCYGIPVEELQNYSFTRVTADSFVTKGKDVKEIAPGATGRIADYNYRLPADFTGCVLARNITSKYCKSGGNFTYKYRRYAPAPLAPYERDTSTDIYQANSTPCNGVTGPGCYNPIEAYNCEPSDPPENQPYRVVVLRFEISEEPATVYG
design_AF_6M0J_55_seq8,design_AF_6M0J_55,DISKKLKELLKKYNKL/DKPCPLDEILNAPSFASVYSFATTELKNCKIDLLSIKNSGTWDVFKSYGIPIEELQNYSFNLVLAHSFVTRGKEVKEIAPGQTGRIADYNYRLPEDFTGIVIARNGTSLYCKPGGNFTYKYRKYAPRPLAPFEKDTSTDIYQLGPRPCNGKTGPNCVDPIKAYNCEPSQPPEEQPYRVVILDFFITEEPATVYG
design_AF_6M0J_55_seq9,design_AF_6M0J_55,SISKKLKELIKKYKKL/GKPCPLESILNASEFASIYDFSSTELTNCVIDLTSIKNSGTWDVFKCYGLPVEEAQNYCFNKVTAYSFVTRGREVKEIAPGQTGRIADYNFRLPADFTGCVLAKNVTDKYCKPGGNFTYKYRRYAPKPLAPFEKDTSTDIYQLNSTPCNGKVGPGCVNPIEAYNCEPTDPPENQPYRVVVLRFEISSEPCTVCG
design_AF_6M0J_55_seq10,design_AF_6M0J_55,SISERLKKLHKKYKKL/GKACPLDSILNASSFASVYDFATTTLTNCVIDLNAIKNSGTWDVFKCYGIPVEEAQNYCFNKVTAHSFVTRGSEVKEVAPGQTGRIADYNFRLPEDFTGCVIARNVTDKYCVSGGNTTYKYREYRERPLEPFERDTSTDIYQLNSTPCNGKEGPGCVNPIKAYNCEPTQPASEQPYAVVVLDFHISEEPCTVCG
design_AF_6M0J_9_seq1,design_AF_6M0J_9,ELMSGEEARKRLEELKAK/GKPCPLDDILNASTFASVYAFSETVLENCVIDLTSIKNSGTWDVFKCYGIAVEDAQNLCFNRVTAYSFVTRGKDVAEIAPGATGEIADYNFRLPADFTGCVIAKNITSTYCKSGGNTTYKYRRYAPKPLAPFEKDTSTEIYQANSTPCNGKEGPGCYNPIKAYNCEPSDPASNQPYRVVILRFEYTDEPCTVCG
design_AF_6M0J_9_seq2,design_AF_6M0J_9,ALTSAAAARAALAAARAA/GKPCPLEEILNAEKFASVYAFSKTVLKNCVIDLTAIKNSNEWDVFKPYGIAVDDAQNLAWTEVYAYSFVTKGKDVKEIAPGATGKIADYNFRLPADFTGIVLAKDITDKYCKPGGNFTYKYRAYAPKPLAPFERDTSTDIYQLNSTPCNGVPGPGCVNPITAYNCEPSQPPEEQPYRVVILDFTLTDEPCTVRG
design_AF_6M0J_9_seq3,design_AF_6M0J_9,ALTSAAAARAALAAARAA/GAPCPLDSILNASSFASVYDFSETVLTDCVIDFLAIKNSGTWDVFKAYGVAVADLQGLCFTTVTARSFVTKGSEVKEIAPGQKGKIADYNFRLPADFTGVVLAKNITSKYCKSGGNFTYKYREYAPKPLKPFEKDTSTDIYQANAEPCNGKEGPGCYNPWKAYNCEPSDPPEKQPYRVVVLDFHLSDAPCTVCG
design_AF_6M0J_9_seq4,design_AF_6M0J_9,PLMSAAEARARLAAARAA/GKECPLDSILNASTYASIYNFSKTVLENCVIDLTKLKNSGTWDVFKPYGIPVDEAQGLAFTRVTAYSFVTRGKDVEEIAPGKTGKIADYNFRLPADFQGIVIAKDVTDKYCKPGGNFTYYYRKYAPKPLKPFEKDTSTDIYQLCSTPCNGKTGPGCVNPWEAYNCEPSQPPEEQPYAVVVLDFELTDEPCTVYG
design_AF_6M0J_9_seq5,design_AF_6M0J_9,PLMSAEEARRRLEALRAA/GKPCPLDEILNAETYASIHAFSKTVLTNCVIDWLAIKNSGTWDVFKCYGIPVEKLQGLAFNEVYAYSFVTKGSEVKEIAPGQTGQIADYNFRLPADFTGCVLAKNITDKYCKEGGNFTYTYRAYATKPLAPFEKDTSTDIYQLNSTPCNGVEGTGCVNPWKAYNCEPSQPPSEQPYRVVVFDFVLTDAPCTVYG
design_AF_6M0J_9_seq6,design_AF_6M0J_9,PLMSAAEARERLERLRAE/GKPCPLDSVLNASSFASIYNFATTDLKNCKIDLLALKNSGTWDVFKCYGVKPEDAQGLAFNLVKAHSFVTKGSEVKEIAPGQTGQIADYNFRLPADFTGCVIAKNVTSKYCKSGGNFTYKYRAYAPSPLAPFERDTSTDIYQLNSTPCNGKEGPGCVNPIKAYNCEPSQPPSEQPYRVVVLDFYLTDEPCTVYG
design_AF_6M0J_9_seq7,design_AF_6M0J_9,PLMSAEEARKRLEKLKAE/GKPCPLDDVLNASTYASIYDFATTELTNCIIDLTSIKNSNTWKVFKCYGVPIEKMQNLCFTKVTADSFVTKGKDVKEIAPGQTGRIADYNFRLPDDFTGCVIARDIRDKYCKEGGNFTYKYRKYAPKPLAPYEKDTSTDIYQLCSTPCNGKEGPCCVNPIEAYNCEPTQPESEQPYRVVVLRFEITDEPCTVCG
design_AF_6M0J_9_seq8,design_AF_6M0J_9,TLMSAAEARARLAALQAK/GKPCPLDEILNADKFASIYAFSETELTNCTIDWVSIANSGTWDVFKCYGVKIEDLQGLCFTKVTAYSFVTKGSEVKEIAPGATGKIADYNFRLPADFKGCVLAKDITDKYCKPGGNFTYKYRRYASAPLAPFEKDTSTDIYQLNSEPCNGKEGPGCVNPWEAYNCEPSQPPSEQPYRVVVFDFELTDEPCTVCG
design_AF_6M0J_9_seq9,design_AF_6M0J_9,KLTSNEEALKRLEELKKK/GKPCPLDSVFNAKEFASVYDFAETTLTNCKIDLNAIKNSGTWDVFKCYGIDVDDAQNLAFNEVKAYSFVTRGKEVKEIAPGQTGKIADYNFRLPEDFTGCVIAKNVTDKYCKPGGNTTYKYREYAPKPLKPYEKDTSTEIYQLNSTPCNGKEGPGCVNPIKAYNCEPSDPPEEQPYRVVILDFTYTDKPCTVYG
design_AF_6M0J_9_seq10,design_AF_6M0J_9,ELMTAEEARKRLAEIRAK/GKPCPLDSILNASSFASIYAFSSTVLKNCVIDFTSIKNSNTWDVFKCYGVPVEELQNLCFTTVTAYSFVTKGKDVKEIAPGETGKIADYNFRLPEDFTGCVLAKNVTDKYCKPGGNFTYKYREYATKPLAPFEKDTSTDIYQLNSKPCNGKVGPGCVDPIKAYKCEPTDPPENQPYRVVVFKFEITDEPCTVCG
design_AF_6M0J_163_seq1,design_AF_6M0J_163,SAAAARARWAAVRAA/GKACPLDSILNASSFASIYDFAETVLENCVIDLTALANSGTWDVFKAYGVPVEEAQGLGFTRVTAYSFVTRGKDVKEIAPGQTGKIADYNFRLPADFTGIVIAKDITDKYCVSGGNTTYKYRRYAPKPLAPFEKDTSTDIYQLGPTPCNGKEGPNCVNPIEAYNCEPSQPKEEQPYRVVILDFELTDEPVTVVG
design_AF_6M0J_163_seq2,design_AF_6M0J_163,SAAAARAALEAARAA/GAACPLSSILNASTFASIYDFAVTTLTNCTIDLTSLANSGTWDVFKCYGVPVEELQNLSFTEVRAYSFVTRGKEVKEIAPGQTGKIADYNFRLPADFTGCVIARDITDKYCKEGGNFTYKYREYAPRPLAPFERDTSTDIYQLCSTPCNGKTGPCCVNPIKPYNCEPTQPASEQPYRVVVLDFTLSEAPTTVSG
design_AF_6M0J_163_seq3,design_AF_6M0J_163,SAAAARARLAALRAA/GRPCPLESILDAEEFASIYDFAETLLENCRIDLTALAASGEWDVFKPYGVPVEDAQGLAFNRVYAYSFVTRGKEVKEIAPGATGKIADYNFRLPADFTGVVIARDITDKYCKEGGNFTYKYRKYATKPLAPYEKDTSTEIYQANSTPCNGVTGPGCYNPIEAYNCEPSQPPEEQPYRVVVLRFELTDAPCTVYG
design_AF_6M0J_163_seq4,design_AF_6M0J_163,SAAAARARFAALQAA/GKPCPLDAVLNADEFASIYDFAETTLTNCVIDFLSIKNSGTWDVFKCYGIPIDELQNLCFTTVTARSFVTKGSEVKEIAPGQTGKIADYNFRLPADFTGCVLAKDVTDKYCKPGGNFKYKYRKYAPKPLAPFEKDTSTDIYQAGSTPCNGKEGPNCYNPIEAYNCEPSDPPSEQPYAVVVLDFHLSDEPCTVCG
design_AF_6M0J_163_seq5,design_AF_6M0J_163,SAAEARARFAALRAA/GKPCPLDSILNASSFASIYAFSTTVLENCVIDLTSLKNSGTWDVFKCYGVPVEEAQNLCFTRVTADSFVTKGKDVKEIAPGQTGRIADYNYRLPEDFTGCVIAKNITDKYCKPGGNTTYKYRKYAPAPLAPYEKDTSTDIYQLGSKPCNGKTGPNCVNPIEAYNCEPTDPPEEQPYRVVVLRFELSDEPVTVCG
design_AF_6M0J_163_seq6,design_AF_6M0J_163,SAAAARARWAALRAA/GRPCPLESILNAESFASIHAFATTVLRDCVIDLLALKNSGEWDVFKPYGVPVDEAQGLCWTRVTADSFVTRGSEVKEIAPGQTGKIADYNYRLPADFTGVVIAKDITDKYCKPGGNFTYTYRKYAPKPLAPYERDTSTAIYQLNATPCNGVTGSGCVNPLEAYNCEPSDPPEKQPYRVVVLRFELTDAPATVCG
design_AF_6M0J_163_seq7,design_AF_6M0J_163,SAKEAKEKWEKLKKE/GKPCPLDAVLNAATFASVYAFATTTLTNCVIDLLSIKNSGTWDVFKCYGVKPEEAQNLCWTTVTAYSFVTRGKDVKEIAPGATGKIADYNFRLPADFTGCVLARNITDKYCKPGGNTTYKYRAYAPAPLAPYERDTSTDIYQLGSTPCNGVEGPNCVNPIVAYNCEPSQPPEEQPYAVVVLDFTLSDAPCTVCG
design_AF_6M0J_163_seq8,design_AF_6M0J_163,SAAAARARWAALRAA/GKPCDLDSVLNASTFASIYDFAETVITDCVIDLLAIKNSGTWDVFKCYGVPPEEAQGLGWTRVTAYSFVTKGKDVKEIAPGQTGKIADYNFRLPADFTGCVIAKNITSKYCKSGGNTTYKYRKYAPAPLKPYEKDTSTDIYQAGSTPCNGKVGPNCYNPIESYNCEPTQPPEEQPYRVVVLRFELSDAPVTVRG
design_AF_6M0J_163_seq9,design_AF_6M0J_163,SAAEARRRWEELRAA/GKPCPLDSILNASSFASVYAFSTTTLKNCVIDLTAIANSGTWDVFKAYGVPVEEAQNLCWNEVLAHSFVTRGKEVKEVAPGATGKIADYNFRLPEDFTGIVLAKDVTDKYCKPGGNFTYKYRKYAPKPLAPFEKDTSTDIYQLGPKPCNGKVGPNCVNPIEAYNCEPSQPPEEQPYRVVVLDFRLTDEPCTVCG
design_AF_6M0J_163_seq10,design_AF_6M0J_163,GAAAARARLAALRAA/DKPCPLDSILNASTYASIYDFASTTLTNCRIDLLSIANSGTWDVLKCYGVPIADAQGLAFTRVTAHSFVTRGKEVKEIAPGATGRIADYNFRLPADFRGCVLAKDVTDKYCKSGGNFTYKYRRYAPAPLAPYERDTSTDIYQLGSTPCNGKEGPNCVNPIKAYNCEPSQPKEEQPYRVVVLDFELTDAPPTVYG
design_AF_6M0J_218_seq1,design_AF_6M0J_218,MHPSALEQLRKLAELQA/GKPCPLDEILNAPEFASVDAFAVTVLENCVIDLLSIKNSGTWDVFKCYGVPVEKAQDLCFTRVLAYSFVTRGKDVKEVAPGQTGRIADYNFRLPADFTGCVLAKEIRDKACKPGGNTKYRYRRYAPAPLAPFERDTSTDIYQLNSTPCNGVTGPGCVDPWEAYVCEPSQPEEEQPYRVVVLRFELTDEPCTVCG
design_AF_6M0J_218_seq2,design_AF_6M0J_218,MHPSALAALAKLAALKA/GKPCPLDSVLNASSFASVHAFARTELTNCVIDLLSIKNSGTWDVFKCYGVPIEEMQNLCFNRVTADSFVTRGKEVAEVAPGATGRIADYNYRLPADFTGCVIAKNIRDKYAKPGGNFTYSYRRYRPRPLAPFERDTSTDIYQLGSTPCNGVEGPNCVNPWKKYNFEPSQPESEQPYRVVVLRFELTDEPCTVCG
design_AF_6M0J_218_seq3,design_AF_6M0J_218,MHPSMLEARKKLAELKA/GKPCPLDEILNADKFASVHAFATTELTNCVIDWTAIKNSGTWDVFKCYGVPVEEMQNLCFNKVLADSFVTRGKEVKEIAPGATGRIADYNFRLPADFTGCVLARNITDKYCKPGGNFTYHYRRYAPRPLAPFERDTSTEIYQLGPTPCNGVEGPDCVNPWEAYNCEPTQPPEEQPYRVVVFRFELTDEPCTVCG
design_AF_6M0J_218_seq4,design_AF_6M0J_218,MHPSMLENLAKLAALRA/GKPCPLDDILNADTYASIYDFATTELKNCVIDWTAIKNSGTWDVFKSYGVPVDELQNLCFNLVKADSFVTRGSEVKEIAPGQTGRIADYNYRLPADFTGIVIARNVTDKYCKEGGNFTYKYRRYAPKPLAPYEKDTSTEIYQAGPKPCNGKVGPNCYNPWKAYNCEPTQPASEQPYAVVIFRFELTDEPCTVCG
design_AF_6M0J_218_seq5,design_AF_6M0J_218,MHPSALAAREKLAALKA/GKPCPLESILNAETFASIYDFSTTELTNCVIDLTALANSGTWDVLKAYGVPIEEAQNLCFTRVLAHSFVTRGKDVKEIAPGQKGKIADYNFRLPEDFTGVVIARNITDKYCKPGGNFTYKYRKYAPSPLKPYEKDTSTDIYQLGSTPCNGKEGPNCVNPIEAYNCEPSQPPEEQPYRVVVLDFELSDEPCTVCG
design_AF_6M0J_218_seq6,design_AF_6M0J_218,MHPSALENLEKLAKLQA/GKPCPLESIINADTFASVYNFAKTVLKNCVIDLLSIKNSGEWDVFKCYGAPVEELQNLCFNEVYAYSFVVKGKDVKEIAPGATGEIADYNFRLPADFRGCVIAKDITDKYCKEGGNFTYKYRKYAPKPLAPFEKDTSTDIYQLGSTPCNGKEGPNCVNPIKAYNCEPSQPKEEQPYRVIVLDFTLTDEPCTVCG
design_AF_6M0J_218_seq7,design_AF_6M0J_218,MHPSALENLAKLAALRA/GKPCPLDEILNASTYASIYAFSKTVLENCVIDLLSIANSGTWDVFKCYGCPVEELQNLCFNRVLAYSFVTKGKDVGEVAPGATGAIADYNFRLPADFTGCVLAKNVTDKYCVSGGNTTYKYRAYAPKPLAPYEVDTSTDIYQLGSTPCNGKEGPNCVNPIKAYNCEPSDPPENQPYAVVVLDFEITDEPCTVCG
design_AF_6M0J_218_seq8,design_AF_6M0J_218,MHPSALENRRKLAELAA/GKPCPLEDILNAETFASVYDFAKTVLENCVIDLLAIKNSGEWDVFKCYGVPVEEAQNLCFNRVYAYSFVTRGKDVSEIAPGKTGEIADYNFRLPADFRGCVIARNITDKYCKPGGNFTYKYRKYAPKPLAPFEKDTSTDIYQANSTPCNGKVGPGCYDPIKAYKCEPSQPPEEQPYRVVVLEFELTDEPCTVCG
design_AF_6M0J_218_seq9,design_AF_6M0J_218,MHPSALEARRKLAELQA/GRPCPLEEILNAEKFASVYDFATTTLTNCVIDLTSIANSGEWDVFKCYGVPVEEAQHLCFNEVTADSFVTRGKDVKEIAPGATGKIADYNFRLPEDFQGCVLAKNITDKYCKEGGNFTYKYREYAPKPLEPFEKDTSTDIYQLGPTPCNGKEGPNCVNPWKAYNCEPSQPPEEQPYRVIVLRFTLTDKPCTVCG
design_AF_6M0J_218_seq10,design_AF_6M0J_218,MHPSALENLRKLKELQA/GKPCPLEDILNADEFASIYDFATTTLTNCTIDLTAIKNSGEWDVFKCYGVPVEEAQNLGFTEVKAHSFVTKGKDVKEIAPGQKGKIADYNYRLPEDFTGCVLAKNITDKYCKKGGNKTYKYRKYAERPLKPFEKDTSTDIYQLGSTPCNGKEGPNCVNPIEAYNCEPTDPPEEQPYRVVVLEFTITDKPVTVTG
design_AF_6M0J_139_seq1,design_AF_6M0J_139,IAAKKAAALAAAAAAA/DKPCPLDSIINASSFASIYAFSKTKLTNCKINFLSIKNSNEWDVFKCYGIPVEELQNYAFNEVYAYSFVTKGKEVKEIAPGATGRIADYNFRLPADFRGCVIAKDITDKYCKSGGNFTYKYREYATKPLAPFEKDTSTDIYQLNSTPCNGKEGPGCVNPIKAYNCEPSDPPENKPYRVIILEFTLTDKPATVYG
design_AF_6M0J_139_seq2,design_AF_6M0J_139,VEAMKERARALLAARK/GKPCPLESILNAATFASIYDFAKTVLSNCKIDLLSIANSGTWDVLKCYGCPIEEMQNLAFTKVLAYSFVTKGKEVKEIAPGQTGKIADYNFRLPADFTGCVIAKNITDKYAKEGGNFTYKYRKYAPKPLAPFEKDTSTDIYQLNTTPCNGKTGPGCVDPIEAYNFEPSQPPEEQPYAVVVLRFELSDEPATVYG
design_AF_6M0J_139_seq3,design_AF_6M0J_139,VEEMKQRALAALAARK/GKPCPLDSILNASSFASVYNFSVTTIKNCVIDLTSIKNSGTWDVFKWYGIPVEEAQNYAWTEVKAYSFVTRGKEVKEIAPGATGKIADYNFRLPADFTGVVLARNVKDKYCKEGGNFTYKYRKYAPSPLAPYEKDTSTDIYQLNSTPCNGVVGPGCVNPWEAYNCEPSQPEEEQPYQVVVLDFTLSDEPATVYG
design_AF_6M0J_139_seq4,design_AF_6M0J_139,IEEMRERARRVAAERR/DKPCPLDDVLNAEEFASIYDFAETLLENCKIDLLSIANSGEWDVFRAFGVPVEEAQGLAWTRVYAYSFVTRGKHVKEIAPGQTGEIADYNFRLPADFTGVVLARNITDKYCKPGGNFKYKYRRYAPRPLAPFEKDTSTDIYQANATPCNGKEGPGCYNPWEAYNCEPSQPPEEQPYRVVVLRFELSDEPATVYG
design_AF_6M0J_139_seq5,design_AF_6M0J_139,IEEAKRRAEELIAARK/DKPCPLDDILNADTYASIYAFATTTLTNCRIDFLSIKNSGTWDVFKCYGMPVEELQNCAFNEVLAHSFVTRGKDVKEIAPGQTGKIADYNFRLPEDFRGCVIARDITDKYCKSGGNFTYKYRKYAPKPLKPFERDTSTDIYQLNSTPCNGKVGPGCVNPIEAYNCEPSQPKEEQPYRVVVLDFHLTDKPATVYG
design_AF_6M0J_139_seq6,design_AF_6M0J_139,IEEKAERARERLAARR/DKECPLEEILNAEKFASIHAFSRTVLKDCKIDFTKIKNSGTWDVFKCYGMPIDEMQNLAFTEVYAYSFVTKGKDVKEIAPGQTGKIADYNFRLPADFTGCVIAKNIKDKYCKEGGNFTYHYRAYAPKPLAPFEKDTSTDIYQLGSTPCNGKEGPNCVNPWKAYNCEPSQPASEQPYRVVILEFVLSDEPATVYG
design_AF_6M0J_139_seq7,design_AF_6M0J_139,VAAMAARARALAAARK/DKPCPLADILDADTFASIYAFATTVIENCVIDLVAIKNSGTWDVFKCYGIPVDEMQNLAFTRVTADSFVTKGKDVKEIAPGATGRIADYNYRLPADFTGCVLARNITDKYCKEGGNFTYKYRRYAPAPLAPYERDTSTDIYQANSTPCNGVTGPGCYNPIEAYNCEPSDPPENQPYRVVVLRFELSDEPATVYG
design_AF_6M0J_139_seq8,design_AF_6M0J_139,VEEKKERALKALELRK/DKPCPLSEILDAPTFASVYSFATTELKNCKIDWLSIANSGTWDVFKCYGIPIEELQNYAFNLVLAHSFVTRGKEVKEIAPGQTGRIADYNFRLPEDFTGCVIARNGTATYCKPGGNFTYKYRKYAPRPLAPYEKDTSTDIYQLGPRPCNGKTGPNCVDPIKAYNCEPSQPPEEQPYRVVVFDFFLTEEPATVYG
design_AF_6M0J_139_seq9,design_AF_6M0J_139,IEEMRERALEVAAARE/DKPCPLESILNASEFASIYDFATTELTNCKIDLTSIKNSNTWDVFKCYGVPVEEAQNLAWTKVTADSFVTRGREVKEIAPGQTGRIADYNYRLPADFRGCVLAKNVTDKYCKPGGNFTYKYRRYAPKPLAPFEKDTSTDIYQLNSTPCNGKVGPGCVNPIEAYNCEPTDPPENQPYRVVVLRFELSEEPATVYG
design_AF_6M0J_139_seq10,design_AF_6M0J_139,VEAMKERAREIIAAQA/GKACPLDSILNASSFASVYDFATTTLTNCKIDLLAIKNSGTWDVFKCYGVPVEEAQNLAFTKVTAHSFVTRGSEVAEVAPGQTGRIADYNFRLPADFRGCVIARNVTDKYCVSGGNTTYKYREYRERPLAPFERDTSTDIYQLNSTPCNGKEGPGCVNPIKAYNCEPTQPASEQPYAVVVLEFHLSEEPATVYG
design_AF_6M0J_101_seq1,design_AF_6M0J_101,PSISGAEALARLAAAK/SKPCPLDSIINASSFASIYNFSKTKLTNCKINFLSIKNSNEWDVFKCYGVKVEDLQNLGFNEIYAYSFVTKGKEVKEIAPGATGRIADYNFRLPADFTGCVIAKDITDKYCKSGGNFTYKYREYATKPLAPYEKDTSTDIYQLNSTPCNGKEGPGCVNPIKAYNCEPSDPPENKPYRVIILDFTITDKPTTVYG
design_AF_6M0J_101_seq2,design_AF_6M0J_101,GSITGEEARARLAAAR/GKPCPLESILNAATFASIYDFAKTVLSNCVIDLTSIANSGTWDVFKCYGVAVADMQGLCFTRVLAYSFVTKGKEVKEIAPGQTGKIADYNFRLPADFQGCVIAKNITDKYAKEGGNFTYKYRKYAPKPLAPFEKDTSTDIYQLNTTPCNGKTGPGCVDPIEAYNFEPSQPPEEQPYAVVVLRFEISDAPTTVCG
design_AF_6M0J_101_seq3,design_AF_6M0J_101,GSVSGAEALAAWQAAR/SKPCPLDSILNASSFASVYNFSVTTIKNCVIDLTSIKNSGTWDVFTPYGVAVDDAQNLSFTEVKAYSFVTRGKEVKEIAPGATGKIADYNFRLPADFKGWVLARNVKDKYCKEGGNFTYKYRKYAPSPLAPFEKDTSTDIYQLNSTPCNGVVGPGCVNPWEAYNCEPSQPEEEQPYQVVVLDFTITDEPTTVYG
design_AF_6M0J_101_seq4,design_AF_6M0J_101,GSISGEEAEKLWKEAK/GKPCPLDDVLNASEFASIYDFAETVLENCVIDLTSIKNSGTWDVFKAYGVEVEKAQNLCWHKVKAYSFVTRGKHVKEIAPGQTGEIADYNFRLPADFKGVVIARNITDKYCKPGGNFKYKYRRYAPKPLQPFEKDTSTDIYQANATPCNGKEGPGCYNPWEAYNCEPSQPPEEQPYRVVVLDFEISDEPTTVCG
design_AF_6M0J_101_seq5,design_AF_6M0J_101,SSISGEEARKRLEEAK/SKPCPLDDILNADTYASIYAFATTTLTNCVIDWLSIKNSGEWDVFKSYGVEVEKLQNLCFNKVLAHSFVTRGKDVKEIAPGQTGKIADYNFRLPEDFTGIVLAKDITDKYCKSGGNFTYKYRKYAPKPLKPYERDTSTDIYQLNSTPCNGKVGPGCVNPIEAYNCEPTQPKEEQPYRVVVFDFHISDEPTTVCG
design_AF_6M0J_101_seq6,design_AF_6M0J_101,GSISGEEARKRLEEAR/SKECPLEEILNAEKFASIHAFSRTVLKDCKIDFTKIKNSGTWDVFKCYGVKIEDLQNLAFTEVYAYSFVTKGKDVKEIAPGQTGKIADYNFRLPADFTGCVIAKNIKDKYCKEGGNFTYHYRAYAPKPLAPFEKDTSTDIYQLGSTPCNGKEGPNCVNPWKAYNCEPSQPASEQPYRVVILDFVISDEPTTVYG
design_AF_6M0J_101_seq7,design_AF_6M0J_101,GSISGEEALKRLEEAR/SKPCPLADILDADTFASIYAFATTVIENCVIDLVAIKNSGTWDVFKCYGVDVDKLQNLCFTRVTADSFVTKGKDVKEIAPGATGRIADYNYRLPADFQGCVLARNITDKYCKEGGNFTYKYRRYAPAPLAPYERDTSTDIYQANSTPCNGVTGPGCYNPIEAYNCEPSDPPENQPYRVVVLRFEISDEPTTVCG
design_AF_6M0J_101_seq8,design_AF_6M0J_101,GSVSGAEARARLAAAR/SKPCPLSDIFDAPTFASVYSFATTDLTNCVIDLTSIANSGTWDVFKAYGVKIEDLQNLSFTLVKAHSFVTRGKEVAEVAPGATGRIADYNFRLPADFQGVVIARNGTATYCKPGGNFTYKYRKYAPRPLAPYEKDTSTDIYQLGPRPCNGKTGPNCVDPIKAYNCEPSQPPEEQPYRVVVLDFFITDEPTTVYG
design_AF_6M0J_101_seq9,design_AF_6M0J_101,GSISGEEALRRWEELR/SKPCPLESILNASEFASIYDFSSTELTNCVIDLTSIKNSNTWDVFKCYGVKVEDAQNLGFTKVTAYSFVTRGREVKEIAPGQTGRIADYNFRLPADFTGCVLAKNVTDKYCKPGGNFTYKYRRYATKPLAPFEKDTSTDIYQLNSTPCNGKVGSGCVNPIEAYNCEPTDPPENQPYRVVVLRFEISDEPTTVYG
design_AF_6M0J_101_seq10,design_AF_6M0J_101,GSITGAEARARWEAAR/GTACPLDSILNASSFASVYDFATTTLTNCVIDLNAIKNSGTWDVFKCYGVAPEDAQGLGFTTVTAHSFVTRGSEVAEVAPGQTGRIADYNFRLPADFRGCVIARNVTDKYCVSGGNTTYKYREYRERPLAPFERDTSTDIYQLNSTPCNGKEGPGCVNPIKAYNCEPTQPASEQPYAVVVLDFTITSEPTTVYG
design_AF_6M0J_224_seq1,design_AF_6M0J_224,MPAADLAALARQRARR/GRPCPLDSIINASSFASIYAFSKTKLTNCVIDFTSIKNSNEWDVFKCYGIPVEELQNRCFNEVYAYSFVTKGKEVKEIAPGATGRIADYNFRLPADFRGCVIAKDITDKYCKSGGNFTYKYREYATKPLAPYEKDTSTDIYQLNSTPCNGKEGPGCVNPIKAYNCEPSDPPENKPYRVIILDFVLTDKPCTVCG
design_AF_6M0J_224_seq2,design_AF_6M0J_224,LPAEVLAQLAAQLARR/GKPCPLESILNAATFASIYDFAKTVLSNCVIDLLSIKNSGTWDVFKCYGIPIEEAQNYCFNRVLAYSFVTKGKEVKEIAPGQTGKIADYNFRLPADFRGCVIAKNITDKYAKEGGNFTYKYRKYAPKPLQPFEKDTSTDIYQLNTTPCNGKTGPGCVDPIEAYNFEPSQPPEEQPYAVVVLDFELTDEPATVCG
design_AF_6M0J_224_seq3,design_AF_6M0J_224,MDEETKKLLAEQRAKR/GKPCPLDSILNASSFASVYNFSVTTIKDCVIDLTSIKNSGTWDVFKWYGIPVEEAQNECWNEVKAYSFVTRGKEVKEIAPGATGKIADYNFRLPADFKGVVLARNVKDKYCKEGGNFTYKYRKYAPSPLAPFEKDTSTDIYQLNSTPCNGVVGPGCVNPWEAYNCEPSQPEEEQPYQVVVLDFTLTDEPCTVCG
design_AF_6M0J_224_seq4,design_AF_6M0J_224,MPPELEAAEARALARR/GKPCPLDDVLNASEFASIYDFAETVLENCVIDLTSIANSGTWDVFKPYGIPVEEAQHRCWHRVRAYSFVTRGKHVKEIAPGQTGEIADYNFRLPEDFRGVVIARNITDKYCKPGGNFKYKYRRYAPRPLAPFEKDTSTDIYQANATPCNGKEGPGCYNPWEAYNCEPSQPPEEQPYRVVVLDFELSDEPCTVCG
design_AF_6M0J_224_seq5,design_AF_6M0J_224,MPPELLEALQRQLARR/GQPCPLDDILNADTYASIYAFATTTLTNCVIDLLSIANSGTWDVFKCYGMPVEELQNACFNRVLAHSFVTRGKDVAEIAPGATGKIADYNFRLPADFRGCVIARDITDKYCKSGGNFTYKYRKYAPKPLAPYERDTSTDIYQLNSTPCNGKVGPGCVNPIEAYNCEPSQPKSEQPYRVVVLDFHLSDEPCTVCG
design_AF_6M0J_224_seq6,design_AF_6M0J_224,MDPEVLELLERQRAKR/GKPCPLEEILNAEKFASIHAFSRTVLRDCVIDFTSIKNSGTWDVFKCYGIPIDELQNYCFNEVYAYSFVTKGKDVKEIAPGQTGKIADYNFRLPADFRGCVIAKNIKDKYCKEGGNFTYHYRAYAPKPLAPFEKDTSTDIYQLGSTPCNGKEGPNCVNPWKAYNCEPSQPASEQPYRVVILDFVLTDEPCTVCG
design_AF_6M0J_224_seq7,design_AF_6M0J_224,MKPETLAKLAAQLAKR/GKPCPLDAILNASTFASIYAFATTVLENCVIDFVALKNSGTWDVFKCYGIPVDELQNKCFTRVTADSFVTKGKDVKEIAPGATGRIADYNYRLPADFTGCVIARNITSKYCKSGGNFTYKYRRYAPAPLAPYERDTSTDIYQANSTPCNGVTGPGCYNPIEAYNCEPSDPPENQPYRVVVLRFELSDEPATVCG
design_AF_6M0J_224_seq8,design_AF_6M0J_224,MPEEWKELLAKQRAKR/DKPCPLSEILDAPSFASVYSFATTELTNCKIDWTSIANSGTWDVFKSYGIPIEELQNESFNKVLAHSFVTRGKEVKEIAPGQTGRIADYNFRLPEDFRGTVIARNGTSLYCKPGGNFTYKYRKYAPRPLAPFEKDTSTDIYQLGPRPCNGKTGPNCVDPIKAYNCEPSQPPEEQPYRVVVFDYFLTDEPATVYG
design_AF_6M0J_224_seq9,design_AF_6M0J_224,LPEEVLRLLEEQRRRR/GKPCPLESILNASEFASIYDFATTTLTNCVIDLTSIKNSGTWDVFKCYGIPVEEAQNYCWTTVTAHSFVTRGREVKEIAPGQTGRIADYNYRLPADFRGCVLAKNVTDKYCKPGGNFTYKYRRYATKPLAPFEKDTSTDIYQLNSTPCNGKVGSGCVNPIEAYNCEPTDPPENQPYRVVVLDFSLSSEPCTVCG
design_AF_6M0J_224_seq10,design_AF_6M0J_224,MPPEWLALEEEQLARR/GKACPLDSILNASSFASVYDFATTTLTNCVIDLNAIKNSGTWDVFKCYGIPVEEAQHRGFNRVTAHSFVTRGSEVKEVAPGQTGRIADYNFRLPEDFRGCVIARNVTDKYCVSGGNTTYKYREYRERPLEPFERDTSTDIYQLNSTPCNGKEGPGCVNPIKAYNCEPTQPASEQPYAVVVLDFELTEEPCTVVG
design_AF_6M0J_64_seq1,design_AF_6M0J_64,PLYPAEEARRRWEEVRERLAA/SKPCDLDSILNASSFASIYDFAKTVLKDCVIDLLSIKNSGTWDVFKCYGVPVEEAQNLAWNEVTAYSFVTKGKNVKEIAPGQTGEIADYNFRLPADFRGCVIARNITSTYCKSGGNTTYKYRKYAPRPLAPFEKDTSTDIYQLGPTPCNGKTGPNCVNPIKAYNCEPSQPPSEQPYRVVILDFTLTEEPCTVYG
design_AF_6M0J_64_seq2,design_AF_6M0J_64,PLYDAAEARARWAAVRARLAA/AKPCPLDSIFNAEEFASVYNFSKTVLENCVIDLTSIKNSGEWDVFKCYGIPVEEAQNLAFTRVYAYSFVTKGKDVKEIAPGATGEIADYNFRLPADFTGCVIAKNIKDKYCKEGGNFKYKYRRYAPAPLAPFEKDTSTDIYQLCSTPCNGKEGPGCVNPIKAYKCEPSDPEENQPYRVVVLDFELTDEPCTVYG
design_AF_6M0J_64_seq3,design_AF_6M0J_64,PLVDAAEARARWAAVRAALAA/AKPCDLDSILNASSFASIYNFSKTVLRDCVIDLLAIKNSGTWDVFKAYGVPIEEAQGLAWTTVTAYSFVTKGKEVKEIAPGATGKIADYNFRLPADFTGVVLAKNITDKYCKPGGNTTYKYRKYAERPLAPYEKDTSTDIYQLCSTPCNGKEGPGCVNPWEAYNCEPTQPPEEQPYRVVVFDFELTDEPCTVYG
design_AF_6M0J_64_seq4,design_AF_6M0J_64,PLYDAAEARARWAALQARLAA/GKPCPLDSILNAETFASIYAFATTTLTNCIIDLRSIANSGTWDVFRCYGIPVEEAQNLCWNRVTADSFVTRGREVREIAPGATGRIADYNFRLPEDFRGCVLARDIRDKYCKPGGNFTYKYRRYAPRPLAPYEKDTSTDIYQLNSTPCNGKVGPGCVNPIEAYNCEPSQPPEEQPYAVVVLRFELTDAPCTVCG
design_AF_6M0J_64_seq5,design_AF_6M0J_64,TLYDAAEARARWEAVKAALAA/DKPCPIDSILNASEYASVYAFSETVLENCRIDLNAIKNSGTWDVFKCYGIPVDEAQNLAFNRVTAYSFVTRGSEVKEIAPGQTGRIADYNFRLPADFTGCVIAKDVTAKYCKAGGNTTYKYREYAPSALAPYEKDTSTAIYQANSTPCNGKEGPGCYNPIKAYNCEPTDPPEKQPYRVVVLRFELTDEPCTVYG
design_AF_6M0J_64_seq6,design_AF_6M0J_64,PLYDAAEARARWAALRARLAA/AKPCPLDEILNAETFASIYAFAKTVLKDCVIDLTAIANSGEWDVLKWYGVPIEEAQGLCFTTVTAYSFVTKGKEVSEIAPGATGKIADYNFRLPADFTGVVLAKNVTDKYCKEGGNFTYKYRAYATKPLAPFERDTSTDIYQLNSTPCNGVTGTGCVNPIKAYNCEPSQPPSDQPYRVVVLEFHLSDEPCTVCG
design_AF_6M0J_64_seq7,design_AF_6M0J_64,PLYDAAEAKARWAALQAKLAA/AKPCPLEDILNASTYASIYAFAKTTLTNCVIDLTAIKNSGTWDVFKSYGIPVEEMQNLAFNEVKAYSFVTKGKDVKEIAPGETGKIADYNFRLPADFTGIVLAKDITSQYCKSGGNTTYKYRKYAPRPLAPYEKDTSTDIYQLGPTPCNGKEGPNCVNPIEAYNCEPSQPKEEQPYRVVVLDFTLTDAPATVYG
design_AF_6M0J_64_seq8,design_AF_6M0J_64,RLYDAAEARERWEALRARLAA/GVPCPLEEILNAPEYASIYNFSETVLENCVIDFNAIKNSGTWDVFKCFGAPVEELQGLCFNRVTAYSFVTRGKDVKEIAPGQTGEIADYNFRLPADFTGCVIAKDITDKYCKPGGNFTYYYRKYAPSKLKPFEKDTSTDIYQANSTPCNGKEGPGCYNPWEAYNCEPSQPPEEKPYRVVILRFELTDEPCTVCG
design_AF_6M0J_64_seq9,design_AF_6M0J_64,PLHDAEEARARWAALQAELAA/ARPCPLDSVLNASSFASIHAFAETVLTNCVIDLLAIRNSGTWDVFKCYGVPAERAQNLCWNRVTAYSFVTRGRDVDEIAPGKTGRIADYNFRLPADFTGCVLARNITDKYCKPGGNFTYTYRKYATSPLAPFEKDTSTDIYQAGTTPCNGKAGPNCYNPWEAYNCEPSQPPEEQPYRVVVLRFELTDEPCTVCG
design_AF_6M0J_64_seq10,design_AF_6M0J_64,PLFDAEEARRRWAEVQARLAA/AKPCDLDSILNASSFASVHDFAKTVLENCVIDLTAIANSGTWDVFKCYGVPVEEAQNLAWNRVYAYSFVTRGKDVDEIAPGKTGKIADYNFRLPADFRGCVLARDITDKACKPGGNFTYKYRAYAPKPLKPFEKDTSTDIYQLGSTPCNGKEGPNCVNPWKAYKCEPTQPKSEQPYRVVVLDFELSEEPATVYG
design_AF_6M0J_52_seq1,design_AF_6M0J_52,VTLTPAAEQRARLEAIRAA/GKPCPLDEVLNASTFASIYAFSRTVLRNCVIDLTAIKNSGTWDVFKCYGVPVEEAQNLGFTTVTADSFVTRGKDVSEIAPGQTGNIADYNYRLPADFTGCVIAKNITSTACKSGGNFTYKYRAYATAPLAPFERDTSTAIYQANSTPCNGVTGPGCYNPWTAYNCEPSDSASNQPYRVVVLRFELTPEPCTVTG
design_AF_6M0J_52_seq2,design_AF_6M0J_52,VTLTPAEEARARLAEIRAK/GKPCPLDSVLNASEFASIYDFAVTELTNCVIDLLSIKNSGTWDVFKAYGVPVEEAQGLAFNRVLAYSFVTKGSQVKEIAPGQSGEIADYNFRLPADFTGVVLAKDITDKYCKPGGNFKYKYRKYAPSALAPFERDTSTDIYQLNSTPCNGKEGEGCVNPIKAYNCEPSQPPSEQPYRVVVLDFELTDEPCTVTG
design_AF_6M0J_52_seq3,design_AF_6M0J_52,VKYTDSEEARKKLEELKAK/GKPCPLDDILNASSFASVYNFSTTVLKDCIIDFKSIKDSGKWDVFKPYGVKVDDLQNLSFTTVTADSFVTRGKDVEEIAPGKTGKIADYNYRLPADFNGIVLARNVTDKYCKPGGNFTYKYRKYAPSALAPYEKDTSTDIYQLGSTPCNGKEGPNCVNPIEAYNCEPSQPPSEQPYQVVIFRFELTDEPCTVTG
design_AF_6M0J_52_seq4,design_AF_6M0J_52,VKYTPAAEARARLAALRAA/GKPCPLDSILNASTFASIHSFSSTVLENCTIDLTSIKNSGTWDVFTCYGVAVEDAQNLAFTRVTADSFVTRGKDVKEIAPGQTGKIADYNFRLPADFTGCVIARDITDKYCKPGGNFTYHYRKYAPSPLAPYEKDTSTDIYQLCSTPCNGKEGPCCVNPWEAYNCEPTQPPSEQPYRVVVLRFELTDEPCTVTG
design_AF_6M0J_52_seq5,design_AF_6M0J_52,VKYVPAEEARRRLEEIRAK/GKPCPLDEILNAETFASIYAFAKTVLKDCVIDLLAIKNSGTWDVFKCYGAPIEELQNLAFTTVTAYSFVTRGKDVKEIAPGATGRIADYNFRLPADFTGCVIARDVRDKYCKPGGNTTYYYRKYAEKPLAPYEKDTSTDIYQAGPTPCNGKEGPNCYNPWEAYVCEPSDPPEEQPYRVVVLDFTLSDAPCTVTG
design_AF_6M0J_52_seq6,design_AF_6M0J_52,VEFRPAEEARRRLAEIRAA/GKPCPLDTILNAPTFASIYDWSKTTLENCVIDLTSIKNSGTWDVFKCYGVPVEEAQGLAFNRVDAYSFVTRGKEVKEIAPGQTGRIADYNFRLPADFTGCVIAKNIKDKYCKPGGNFTYKYRRYAPRPLAPYERDTSTDIYQLGSTPCNGKTGPNCVNPIEAYNCEPTDPPENQPYRVVVLDFHITPEPCTVTG
design_AF_6M0J_52_seq7,design_AF_6M0J_52,VKYTSAEEARKKLEEIKKK/GKECPLDSVLNASTFASVYAFSTTVLKDCIIDLNKIKNSGKWDVFKCYGIPVEDAQNLCFTTVTAHSFVTKGKEVKEIAPGQTGRIADYNFRLPADFTGCVIAKDITDKYCKPGGNFTYKYREYAPAPLAPYEKDTSTDIYQANATPCNGKPGPGCYNPWKAYNCEPSDPKENQPYRVVVLDFTLSDEPCTVCG
design_AF_6M0J_52_seq8,design_AF_6M0J_52,VKYVSSEEARKRLEEIREK/GKPCPLSSILEASTFASIYDFAETVLENCVIDLRSIANSGTWDVFKCYGIPIEEAQNLAFTKVTAYSFVTRGKDVKEIAPGQTGDIADYNFRLPADFTGCVLARDITDKYAKPGGNFTYKYRKYATKPLAPFEKDTSTDIYQLGSTPCNGKTGPNCVNPIEAYNFEPTQPPEEQPYRVVVLRFELTDEPCTVTG
design_AF_6M0J_52_seq9,design_AF_6M0J_52,VELVPAAEARERLARIRAA/GKPCPLDEILNAEEFASIYDFSTTEITNCIIDFLSIKNSGEWDVFKCYGCPIEELQGLAFTKVLAYSFVTRGEDVKEIAPGQTGKIADYNFRLPDDFTGCVLAKDITDKYCKSGGNFKYKYREYAKSKLKPFEKDTSTDIYQLNSTPCNGKEGPGCVNPLKAYNCEPSDPKSKQPYRVVVLEFTLTDEPCTVTG
design_AF_6M0J_52_seq10,design_AF_6M0J_52,VKRVPAEEALRRLREIQAK/GKPCPLEEILNAEEFASIYDFATTELTDCVIDLTAIKNSGEWDVFKCYGVPVEEAQNLAFTRVLAHSFVTRGKDVKEIAPGQTGKIADYNFRLPADFRGCVIAKNITDKYCKEGGNFKYKYRKYAPSPLAPFEKDTSTDIYQACSTPCNGKTGPCCYNPLEAYNCEPTQPPEEQPYRVVVLDFEYTPEPCTVTG
design_AF_6M0J_305_seq1,design_AF_6M0J_305,LVSAAEARARWEALRA/DKPCPLDSIINASSFASIYAFSKTKLTNCKINLLAIKNSNTWDVFKPYGVDVADAQNLAFNEVYAYSFVTKGKEVKEIAPGATGRIADYNFRLPADFTGIVIAKDITDKYCKSGGNFTYKYREYATKPLAPYEKDTSTDIYQLNSTPCNGKEGPGCVNPIKAYNCEPSDPPENKPYRVIILDFVLTDKPCTVYG
design_AF_6M0J_305_seq2,design_AF_6M0J_305,LVSAEEARKRFEEARK/GKPCPLESILNAATFASIYDFAETVLSNCVIDLLSIKNSGTWDVFKCYGIPIEEAQNLCFTTVKAYSFVTRGKEVKEIAPGQTGKIADYNFRLPADFTGCVIAKNITDKYAKEGGNFTYKYRKYAPKPLAPFEKDTSTDIYQLNTTPCNGKTGPGCVDPIEAYNFEPTDPPENQPYAVVVLDFELTDEPCTVCG
design_AF_6M0J_305_seq3,design_AF_6M0J_305,LVSHEEALARWEALRA/GKPCPLDSILNASSFASVYNFSVTTIKNCVIDLTSIKNSGTWDVFKWYGVPVEDAQNLAWNEVKAYSFVTRGKEVKEIAPGATGKIADYNFRLPADFTGVVLARNVKDKYCKEGGNFTYKYRKYAPSPLAPYEKDTSTDIYQLNSTPCNGVVGPGCVNPWEAYNCEPSQPEEEQPYQVVVLDFTLTPEPCTVYG
design_AF_6M0J_305_seq4,design_AF_6M0J_305,LTSAAEARARWEAARA/LKPCPLDDVLNASSFASIYAFSETVLENCVIDLTSIANSGTWDVFKPYGIPVEEAQNLCWHRVRAYSFVTRGKHVKEIAPGQTGEIADYNFRLPADFTGVVIARNITDKYCKPGGNFTYHYRRYAPRPLAPFEKDTSTDIYQANATPCNGKEGPGCYNPWEAYNCEPSQPPEEQPYRVVVLDFELSDEPCTVCG
design_AF_6M0J_305_seq5,design_AF_6M0J_305,LVSAEEARARWEAARA/GQPCPLDDILNADTYASIYAFATTTLTNCVIDLTSIANSGTWDVFKCYGVPVAEAQNLCWNRVLAHSFVTRGKDVAEIAPGATGKIADYNFRLPADFTGCVIARDITDKYCKSGGNFTYKYRKYAPKPLAPYERDTSTDIYQLNSTPCNGKVGPGCVNPIEAYNCEPSQPKSEQPYRVVVLDFHLTPEPCTVCG
design_AF_6M0J_305_seq6,design_AF_6M0J_305,LVSAAEARARLAAAQA/GKPCPLEEILNAEKFASIHAFSRTVLRDCVIDFTSIKNSGTWDVFKCYGVPIDELQNLAFNEVYAYSFVTKGKDVKEIAPGQTGKIADYNFRLPADFRGCVIAKNIKDKYCKEGGNFTYHYRAYAPKPLAPFEKDTSTDIYQLGSTPCNGKEGPNCVNPWKAYNCEPSQPASEQPYRVVILDFVLTDEPCTVYG
design_AF_6M0J_305_seq7,design_AF_6M0J_305,LVDAATARARLAALRA/ARPCPLADILDADTFASIYAFATTVLENCVIDLVALKNSGTWDVFKCYGVPVEDLQNLCFTRVTADSFVTKGKDVKEIAPGATGRIADYNYRLPADFQGCVIARNITDKYCKEGGNFTYKYRRYAPAPLAPYERDTSTDIYQANSTPCNGVTGPGCYNPIEAYNCEPSDPPENQPYRVVVLRFELTDEPCTVCG
design_AF_6M0J_305_seq8,design_AF_6M0J_305,LVSAEEARARWEALRA/DKPCPLSEILDAPSFASVYSFATTELRDCRIDLTSIANSGTWDVFKPYGVAIEDAQNLAFNLVLAHSFVTRGKEVAEVAPGATGRIADYNFRLPADFTGVVIARNGTSLYCKPGGNFTYKYRRYAPRPLAPFERDTSTDIYQLGPRPCNGKTGPNCVDPIKAYNCEPSQPPEEQPYRVVVLDFHLTEEPCTVYG
design_AF_6M0J_305_seq9,design_AF_6M0J_305,LVSAAEARARWEAARA/SKPCPLESILNASEFASIYDFATTTLTNCVIDLTSIANSNTWDVFKCYGVPVEEAQNLAWTTVTADSFVTRGREVKEIAPGQTGRIADYNYRLPADFTGCVLAKNVTDKYCKPGGNFTYKYRRYATKPLAPFEKDTSTDIYQLNSTPCNGKVGSGCVNPIEAYNCEPTDPPENQPYRVVVLRFELSDKPCTVYG
design_AF_6M0J_305_seq10,design_AF_6M0J_305,LVSAEEARRRWEELRA/GKACPLDSILNASSFASVYDFATTTLTNCVIDLNAIKNSGTWDVFKCYGVPVEDAQHLAFNRVTAHSFVTRGSEVAEVAPGQTGRIADYNFRLPADFTGCVIARNVTDKYCVSGGNTTYKYREYRERPLAPFERDTSTDIYQLNSTPCNGKEGPGCVNPIKAYNCEPTQPASEQPYAVVVLDFELTEEPCTVYG
design_AF_6M0J_200_seq1,design_AF_6M0J_200,EAALLARGLATQAAAR/DKPCPLDSIINASSFASIYNFSKTELTNCRINFLSIKNSNEWDVFKSYGIPVEELQNRAFTKVYAYSFVTKGKEVKEIAPGATGRIADYNFRLPADFTGIVIAKDITDKYCKSGGNFTYKYREYATKPLAPFEKDTSTDIYQLNSTPCNGKEGPGCVNPIKAYNCEPSDPPENKPYRVIILEFELTDEPPTVYG
design_AF_6M0J_200_seq2,design_AF_6M0J_200,AAALEARGRAAAAAAR/GAPCPLESILNAATFASIYDFAKTVLTNCRIDLLSIANSGTWDVFKCYGLPVAEAQGRCFTRVLAYSFVTRGKEVKEIAPGQTGKIADYNFRLPADFTGCVIAKNITDKYAKEGGNFTYKYRKYAPKPLAPFEKDTSTDIYQLNTTPCNGKTGPGCVDPIEAYNFEPTDPPENQPYAVVVLRFELSEAPPTVCG
design_AF_6M0J_200_seq3,design_AF_6M0J_200,MEELLKRGLETQRLAK/GKPCPLDSILNASSFASVYNFSVTTIKNCVIDLTSIKNSGTWDVFKPYGLPVEEAQNFAWTEVKAYSFVTRGKEVKEIAPGATGKIADYNFRLPADFKGWVLARNVKDKYCKEGGNFTYKYRKYAPSPLAPFEKDTSTDIYQLNSTPCNGVVGPGCVNPWEAYNCEPSQPEEEQPYQVVVLDFTLSEEPPTVYG
design_AF_6M0J_200_seq4,design_AF_6M0J_200,MAALEARALAAAKAFR/GKPCPLDDVLNASEFASIYDFAETVLENCVIDLLSIKNSGTWDVFKSYGIPVEEAQNRCWHRVRAYSFVTRGKHVKEIAPGQTGEIADYNFRLPEDFRGVVIARNITDKYCKPGGNFKYKYRRYAPRPLAPFEKDTSTDIYQANATPCNGKEGPGCYNPWEAYNCEPSQPPEEQPYRVVVLDFELSEEPPTVCG
design_AF_6M0J_200_seq5,design_AF_6M0J_200,SAALLARALQTQLAAR/GRPCPLDDILNADTYASIYAFATTTLTDCRIDLLSIANSGTWDVFKCYGLPVEELQNHCFTRVLAHSFVTRGKDVAEIAPGATGKIADYNFRLPADFRGCVIARDITDKYCKSGGNFTYKYRKYAPKPLAPFERDTSTDIYQLNSTPCNGKVGPGCVNPIEAYNCEPSQPKSEQPYRVVVLDFHLSPEPPTVCG
design_AF_6M0J_200_seq6,design_AF_6M0J_200,SAALLARGLATAAAAR/GKPCPLEEILNAEKFASIHAFSRTVLRDCQIDFTSIKNSGTWDVFKCYGMPIDELQNRAFTEVYAYSFVTKGKDVKEIAPGQTGKIADYNFRLPADFRGCVIAKNIKDKYCKEGGNFTYHYRAYAPKPLAPFEKDTSTDIYQLGSTPCNGKEGPNCVNPWKAYNCEPSQPASEQPYRVVILEFTLSEAPPTVYG
design_AF_6M0J_200_seq7,design_AF_6M0J_200,SARLEERALLAQRLAR/GRPCPLADILDADTFASIYAFATTVLENCRIDLVAIKNSGTWDVFKCYGIPVEELQNRCFTRVTADSFVTKGKDVKEIAPGATGRIADYNYRLPADFTGCVLARNITDKYCKEGGNFTYKYRRYAPAPLAPYERDTSTDIYQANSTPCNGVTGPGCYNPIEAYNCEPSDPPENQPYRVVVLRFELSEEPPTVCG
design_AF_6M0J_200_seq8,design_AF_6M0J_200,DLELLLRGLLTQLLAK/DKPCPLSEILDAPSFASVYSFATTELTNCRIDWLSIANSGTWDVFKSYGIPIEELQNMAFNKVLAHSFVTRGKEVKEIAPGQTGRIADYNFRLPEDFRGTVIARNGTSLYCKPGGNFTYKYRKYAPRPLAPFEKDTSTDIYQLGPRPCNGKTGPNCVDPIKAYNCEPSQPPEEQPYRVVVFDYFLTEEPPTVYG
design_AF_6M0J_200_seq9,design_AF_6M0J_200,MEELLERALETQRLAR/DKPCPLDSILNASEFASIYDFATTELTNCRIDLTSIKNSGTWDVFKCYGLPVEEAQNFAWTKVTADSFVTRGREVKEIAPGQTGRIADYNYRLPADFTGCVLAKNVTDKYCKPGGNFTYKYRRYATKPLAPFEKDTSTDIYQLNSTPCNGKVGSGCVNPIEAYNCEPTDPPENQPYRVVVLRFELSEEPPTVYG
design_AF_6M0J_200_seq10,design_AF_6M0J_200,MEELLERAREAQKLAE/GKPCPLDSILNASSFASVYDFATTTLTNCRIDLLAIKNSGTWDVFKCYGMPVEEMQHMAFTTVTAHSFVTRGSEVAEVAPGQTGRIADYNFRLPADFTGCVIARNVTDKYCVSGGNTTYKYREYRERPLAPFERDTSTDIYQLNSTPCNGKEGPGCVNPIKAYNCEPTQPASEQPYAVVVLDFHLSEEPPTVYG
design_AF_6M0J_152_seq1,design_AF_6M0J_152,SEEEFLKRARERYLAL/DKPCPLDSIINASSFASIYNFSKTKLTNCRINFLSIKNSNEWDVFKCYGVPVEELQNLAFTEVYAYSFVTKGKDVKEIAPGATGKIADYNFRLPEDFRGCVIAKDITDKYCKSGGNFTYKYREYATKPLKPFEKDTSTDIYQLNSTPCNGKEGPGCVNPIKAYNCEPSDPPENKPYRVIILEFTLTDKPATVYG
design_AF_6M0J_152_seq2,design_AF_6M0J_152,SDEEFIKLARQRYLER/GKPCPLESILNAATFASIYDFAETVLENCVIDLLSIKNSGTWDVFKCYGCPIEEMQNLAFTKVKAYSFVTKGKEVKEIAPGQTGKIADYNFRLPADFRGCVIAKNITDKYAKEGGNFTYKYRKYAPKPLQPFEKDTSTDIYQLNTTPCNGKTGPGCVDPIEAYNFEPSQPPEEQPYAVVVLDFELTEEPATVYG
design_AF_6M0J_152_seq3,design_AF_6M0J_152,SREALRALARARYLAR/GKPCPLDSILNASSFASVYNFSVTTIKDCVIDLTSIKNSGTWDVFKWYGVPVEEAQNLAWTEVKAYSFVTRGKEVKEIAPGATGKIADYNFRLPADFTGVVLARNVKDKYCKEGGNFTYKYRKYAPSPLAPFEKDTSTDIYQLNSTPCNGVVGPGCVNPWEAYNCEPSQPEEEQPYQVVVLDFTLTDEPATVYG
design_AF_6M0J_152_seq4,design_AF_6M0J_152,ALEELRARARAAYLAR/DKPCPLDDVLNASEFASIYDFAETLLENCVIDLTSIASSGTWDVFKPFGVPVEEAQGLAWHRVYAYSFVTRGKHVKEIAPGQTGEIADYNFRLPADFTGVVLARNITDKYCKPGGNFKYKYRRYAPRPLAPFEKDTSTDIYQANATPCNGKEGPGCYNPWEAYNCEPSQPPEEQPYRVVVLRFELSDEPATVYG
design_AF_6M0J_152_seq5,design_AF_6M0J_152,SFEELLEKARQRYLEL/DKPCPLDDILNADTYASIYAFATTTLTNCRIDFLSIKNSGTWDVFKCYGCPVEELQNLAFNKVLAHSFVTRGKDVKEIAPGQTGKIADYNFRLPEDFNGCVIARDITDKYCKSGGNFTYKYRKYAPKPLKPYERDTSTDIYQLNSTPCNGKVGPGCVNPIEAYNCEPSQPKEEQPYRVVVLDFFLSDEPATVYG
design_AF_6M0J_152_seq6,design_AF_6M0J_152,SAEEFLKRAREAYEKL/DKPCPLEEILNAEKFASIHAFSRTVLENCKIDFTSIKNSGTWDVFKCYGCPIDEMQNLAFTRVYAYSFVTKGKDVKEIAPGQTGKIADYNFRLPADFRGCVIAKNIKDKYCKEGGNFTYHYRAYAPKPLAPFEKDTSTDIYQLGSTPCNGKEGPNCVNPWKAYNCEPSQPASEQPYRVVILDFELSDEPATVYG
design_AF_6M0J_152_seq7,design_AF_6M0J_152,SFEEFRRRAREAYLAR/DKPCPLADILDADTFASIYAFATTVLENCVIDLVALKNSGTWDVFKCYGVPVEEMQNLAFTRVTADSFVTKGKDVKEIAPGATGRIADYNYRLPADFRGCVIARNITDKYCKEGGNFTYKYRRYAPAPLAPYERDTSTDIYQANSTPCNGVTGPGCYNPIEAYNCEPSDPPENQPYRVVVLRFELSDEPATVYG
design_AF_6M0J_152_seq8,design_AF_6M0J_152,DFEELRRLARQRYLEL/DKPCPLSEILDAPSFASVYSFATTELRNCRIDWLSIANSGTWDVFKCYGVPIEELQNLAFTTVLAHSFVTRGKEVKEIAPGQTGRIADYNFRLPEDFRGCVIARNGTSLYCKPGGNFTYKYRKYAPRPLAPFEKDTSTDIYQLGPRPCNGKTGPNCVDPIKAYNCEPSQPPEEQPYRVVVFDFHLTEEPATVYG
design_AF_6M0J_152_seq9,design_AF_6M0J_152,AREELIARARAAYAAL/GKPCPLDSILNASEFASIYDFATTTLTNCVIDLTSIANSGTWDVFKCYGVPVEEAQNLAWTTVTADSFVTRGREVKEIAPGQTGRIADYNYRLPADFTGCVLAKNVTDKYCKPGGNFTYKYRRYATKPLAPFEKDTSTDIYQLNSTPCNGKVGSGCVNPIEAYNCEPTDPPENQPYRVVVLRFELSDKPATVYG
design_AF_6M0J_152_seq10,design_AF_6M0J_152,SAEEFIARARARYEAL/GKACPLDSILNASSFASVYDFATTTLTNCRIDLLAIKNSGTWDVFKCYGVPVEEAQNLAFTKVTAHSFVTRGSEVKEVAPGQTGRIADYNFRLPEDFRGCVIARNVTDKYCVSGGNTTYKYREYRERPLEPFERDTSTDIYQLNSTPCNGKEGPGCVNPIKAYNCEPTQPASEQPYAVVVLDFELTEEPATVYG
design_AF_6M0J_285_seq1,design_AF_6M0J_285,EAAAIAARQALAAAAQ/DKPCPLDSIINASSFASIYNFSKTELTNCKINFLSIKNSNEWDVFKSYGIPVEELQKKAFTKVYAYSFVTKGKEVKEIAPGETGRIADYNFRLPEDFKGIVIAKDITDKYCKSGGNFTYKYREYAPKPLKPFEKDTSTDIYQLNSTPCNGKEGPGCVNPIKAYNCEPSDPPENKPYRVIILEFVETPEPPTVYG
design_AF_6M0J_285_seq2,design_AF_6M0J_285,TAAAIEARQAAARAAA/GKPCPLESILNAATFASIYDFAETVLSNCVIDWLSIANSGTWDVLKCYGLPIAELQNECFTTVKAYSFVTKGKEVKEIAPGQTGKIADYNFRLPADFTGCVLAKNITDKYAKEGGNFTYKYRKYAPKPLAPFEKDTSTDIYQLNTTPCNGKTGPGCVDPIEAYNFEPSQPPEEQPYAVVVFDFERSAAPPTVCG
design_AF_6M0J_285_seq3,design_AF_6M0J_285,EEAAIAARQAAAAAAR/GKPCPLDSILNASSFASVYNFSVTTITNCVIDLTSIKNSGTWDVFKPYGLPVEEAQNEAWTEVKAYSFVTRGKEVKEIAPGATGKIADYNFRLPADFKGWVLARNVKDKYCKEGGNFTYKYRKYAPSPLAPFEKDTSTDIYQLNSTPCNGVVGPGCVNPWEAYNCEPSQPEEEQPYQVVVLDFTETAEPPTVYG
design_AF_6M0J_285_seq4,design_AF_6M0J_285,TAALIAAVKAAAKAAR/GKPCPLDDVLNASSFASIYAFSETLLENCVIDLTSIKNSGTWDVFKSYGIPVEEAQKECWHRVYAYSFVTRGKHVKEIAPGQTGEIADYNFRLPADFTGVVIARNITDKYCKPGGNFTYHYRRYAPRPLAPFEKDTSTDIYQANATPCNGKEGPGCYNPWEAYNCEPSQPPEEQPYRVVVLRFEESPEPPTVCG
design_AF_6M0J_285_seq5,design_AF_6M0J_285,SEAAILERQLAALLAQ/GQPCPLDDILNADTYASVYAFATTTLTNCVIDLLSIANSGTWDVFKCYGLPVEELQRQCFNEVLAHSFVTRGKDVAEIAPGATGKIADYNFRLPADFRGCVIARDITDKYCKSGGNFTYKYRKYAPRPLAPFERDTSTDIYQLNSTPCNGKVGPGCVDPIEAYNCEPTQPKSEQPYRVVVLEFLETPEPPTVCG
design_AF_6M0J_285_seq6,design_AF_6M0J_285,EAAAIAARQAAAAAAR/GKPCPLEEILNAEKFASIHAFSRTVLENCVIDFTAIKNSGTWDVFKCYGLPIDELQNEAFTRVYAYSFVTKGKDVKEIAPGQTGKIADYNFRLPADFRGCVIAKNIKDKYCKEGGNFTYHYRAYAPKPLAPFEKDTSTDIYQLGSTPCNGKEGPNCVNPWKAYNCEPSQPASEQPYRVVILEFEYSPEPPTVYG
design_AF_6M0J_285_seq7,design_AF_6M0J_285,EAAEIAARRAAARAAR/GKPCPLDAILNASTFASIYAFATTVLENCVIDFVAIKNSGTWDVFKCYGIPVDELQNECFTRVTADSFVTKGKDVKEIAPGATGRIADYNYRLPADFKGCVIARNITSKYCKSGGNFTYKYRRYAPAPLAPYERDTSTDIYQANSTPCNGVTGPGCYNPIEAYNCEPTDPPENQPYRVVVLRFEESPEPATVCG
design_AF_6M0J_285_seq8,design_AF_6M0J_285,DLLEILRRLLLERLLR/DKPCPLSEILDAPSFASVYSFATTELKNCKIDWLSIANSGTWDVFKSYGIPIEELQNEAFNLVLAHSFVTRGKEVKEIAPGQTGRIADYNFRLPEDFRGTVIARNGTSLYCKPGGNFTYKYRKYAPRPLAPFEKDTSTDIYQLGPRPCNGKTGPNCVDPIKAYNCEPSQPPEEQPYRVVVFDYHYTAEPATVYG
design_AF_6M0J_285_seq9,design_AF_6M0J_285,EEEEIERRQEEEERLR/DKPCPLESILNASEFASIYDFATTELTNCVIDLTSIKNSNTWDVFKCYGIPVEEAQNQAWTKVTADSFVTRGREVKEIAPGQTGRIADYNYRLPADFTGCVLAKNVTDKYCKPGGNFTYKYRRYATKPLAPFEKDTSTDIYQLNSTPCNGKVGSGCVNPIEAYNCEPTDPPENQPYRVVVLRFEKSPEPATVYG
design_AF_6M0J_285_seq10,design_AF_6M0J_285,TAAAIAARAAAAAAAR/GKACPLDSILNASSFASVYAFSETVLTNCVIDLTAIKNSGTWDVFKCYGIPVDEAQHEAWTRVTADSFVTRGSEVAEVAPGQTGRIADYNYRLPADFTGCVIARNVTDKYCVSGGNTTYKYREYRERPLAPFERDTSTDIYQLNSTPCNGKEGPGCVNPIKAYNCEPTQPASEQPYAVVVLRFERSAEPPTVYG
design_AF_6M0J_229_seq1,design_AF_6M0J_229,EEERRELLERARKAWE/DKPCPLDSILNASSFASIYNFSKTKLTNCKINLLSIKNSNEWDVFKPYGVPVEEAQNLAFNEVYAYSFVTKGKDVKEIAPGATGKIADYNFRLPEDFTGIVIAKDITDKYCKSGGNFTYKYREYATKPLAPFEKDTSTDIYQLNSTPCNGKEGPGCVNPIKAYNCEPSDPPENKPYRVIILEFKQTDKPATVYG
design_AF_6M0J_229_seq2,design_AF_6M0J_229,SAEREELLARRRAAWL/GKPCPLESILNAATFASIYDFAKTVLSNCVIDLLSIANSGTWDVLKCYGCPIEEMQNLCFTRVLAYSFVTRGKEVKEIAPGQTGKIADYNFRLPADFTGCVIAKNITDKYAKEGGNFTYKYRKYAPKPLAPFEKDTSTDIYQLNTTPCNGKTGPGCVDPIEAYNFEPTDPPENQPYAVVVLRFEDSDEPATVCG
design_AF_6M0J_229_seq3,design_AF_6M0J_229,EEERQKLLEKARAAWK/GKACPLDSILNASSFASVYNFSVTTIKNCVIDLTSIKNSGTWDVFKWYGVPVEEAQNLAWTEVKAYSFVTRGKEVKEIAPGATGKIADYNFRLPADFRGVVLARNVKDKYCKEGGNFTYKYRKYAPSPLAPYEKDTSTDIYQLNSTPCNGVVGPGCVNPWEAYNCEPSQPEEEQPYQVVVLDFTQTDEPATVYG
design_AF_6M0J_229_seq4,design_AF_6M0J_229,AAEREAALAAARAAWR/GKPCPLDDVLNASEFASIYDFAVTDLSNCVIDLTSIASSGTWDVFKCYGVPVEEAQNLCWHLVKAYSFVTRGKHVKEIAPGQTGEIADYNFRLPADFTGCVIARNITDKYCKPGGNFKYKYRRYAPKPLAPFEKDTSTDIYQANATPCNGKEGPGCYNPWEAYNCEPSQPPEEQPYRVVVLDFYQSDEPATVCG
design_AF_6M0J_229_seq5,design_AF_6M0J_229,SAELAALLAQARAAHA/GQPCPLDDILNADTYASIYAFATTTLTNCVIDLLSIANSGTWDVFKCYGVPVAEAQNLCWNRVLAHSFVTRGKDVAEIAPGATGKIADYNFRLPADFRGCVIARDITDKYCKSGGNFTYKYRKYAPKPLAPYERDTSTDIYQLNSTPCNGKVGPGCVNPIEAYNCEPSQPKSEQPYRVVVLDFFQGPEPATVCG
design_AF_6M0J_229_seq6,design_AF_6M0J_229,SAELAALLERARARLA/GKPCPLEEILNAEKFASIHAFSRTVLENCVIDFTAIKNSGTWDVFKCYGCPIDEMQNLAFTRVYAYSFVTKGKDVKEIAPGQTGKIADYNFRLPADFRGCVIAKNIKDKYCKEGGNFTYHYRAYAPKPLAPFEKDTSTDIYQLGSTPCNGKEGPNCVNPWKAYNCEPSQPASEQPYRVVILEFEESDEPATVYG
design_AF_6M0J_229_seq7,design_AF_6M0J_229,SAEREALLARARAAHR/GRPCPLADILDADTFASIYAFATTVLENCVIDLVALKNSGTWDVFKCYGVPVEEMQNLCFTRVTADSFVTKGKDVKEIAPGATGRIADYNYRLPADFRGCVIARNITDKYCKEGGNFTYKYRRYAPAPLAPYERDTSTDIYQANSTPCNGVTGPGCYNPIEAYNCEPSDPPENQPYRVVVLRFEQSDEPATVCG
design_AF_6M0J_229_seq8,design_AF_6M0J_229,DAEREERLARARAAWE/DKPCPLSEILDAPSFASVYSFATTELRDCRIDWLSIANSGTWDVFKCYGVPIEELQNLAFNLVLAHSFVTRGKEVKEIAPGQTGRIADYNFRLPEDFTGCVIARNGTSLYCKPGGNFTYKYRKYAPRPLAPFEKDTSTDIYQLGPRPCNGKTGPNCVDPIKAYNCEPSQPPEEQPYRVVVFDFFETPEPATVYG
design_AF_6M0J_229_seq9,design_AF_6M0J_229,EEELKELLEEARKAWE/GKPCPLDSILNASEFASIYDFATTELTNCVIDLTSIKNSGTWDVFKCYGVPVEEAQNLAWTKVTADSFVTRGREVKEIAPGQTGRIADYNYRLPADFRGCVLAKNVTDKYCKPGGNFTYKYRRYAPKPLAPFEKDTSTDIYQLNSTPCNGKVGPGCVNPIEAYNCEPTDPPENQPYRVVVLRFEQSEEPATVYG
design_AF_6M0J_229_seq10,design_AF_6M0J_229,QAELEAALAEARARLA/GKACPLDSILNASSFASVYDFATTTLTNCVIDLTAIKNSGTWDVFKCYGVPVEEAQHLAFTTVTAHSFVTRGSEVKEVAPGQTGRIADYNFRLPEDFRGCVIARNVTDKYCVSGGNTTYKYREYRERPLEPFERDTSTDIYQLNSTPCNGKEGPGCVNPIKAYNCEPTQPASEQPYAVVVLEFHQSEEPATVYG
design_AF_6M0J_191_seq1,design_AF_6M0J_191,SLSERIRKLIEEQLK/GKPCPLDSILNASSFASIYDFAETVLENCVIDLLSIANSGTWDVFKCYGLPVEELQNASFTKVTAYSFVTRGKDVKEIAPGQTGKIADYNFRLPEDFTGCVIAKDITDKYCVSGGNTTYKYRRYAPRPLKPFEKDTSTDIYQLGPTPCNGKEGPNCVNPIEAYNCEPSQPKEEQPYRVVILDFEISDEPPTVYG
design_AF_6M0J_191_seq2,design_AF_6M0J_191,SLSEEVLKLIEEQKA/GSACPLSSILNASTFASIYDFAVTTLSNCKIDLLSLANSGTWDVFKCYGLPVEELQNASFTEVKAYSFVTRGKEVKEIAPGQTGKIADYNFRLPADFRGCVIARDITDKYCKEGGNFTYKYREYAPRPLAPFERDTSTDIYQLCSTPCNGKTGPCCVNPIKPYNCEPTQPASEQPYRVVVLDFSISPEPATVYG
design_AF_6M0J_191_seq3,design_AF_6M0J_191,SLREEILEEIRKQLA/GRPCPLESILDAEEFASIYDFAETLLENCVIDLTALANSGEWDVFKPFGLPVEELQNCAFTRVYAYSFVTRGKEVKEIAPGETGKIADYNFRLPADFRGIVIARDITDKYCKEGGNFTYKYRKYATKPLAPYEKDTSTEIYQANSTPCNGVTGPGCYNPIEAYNCEPSQPPEEQPYRVVVLRFEITDEPPTVYG
design_AF_6M0J_191_seq4,design_AF_6M0J_191,SLSARIRALIEAQLA/GKPCPLDAVLNADEFASVYDFAETTLTNCVIDFLSIANSGTWDVLKCYGLPISELQNHCFTTVTARSFVTKGSEVKEIAPGQTGKIADYNFRLPADFTGCVLARDVTDKYCKPGGNFKYKYRKYAPKPLAPFEKDTSTDIYQAGSTPCNGKEGPNCYNPIEAYNCEPSDPPSEQPYAVVVLDFHISDEPPTVCG
design_AF_6M0J_191_seq5,design_AF_6M0J_191,SLREEIIKRHKEQLE/GKPCPLDSILNASSFASIYAFSTTELKNCVIDLTSLKNSGTWDVFKCYGMPVEEMQNMCFTLVTADSFVTKGKDVKEIAPGQTGRIADYNYRLPEDFTGCVIAKNITDKYCKPGGNTTYKYRKYAPAPLAPYEKDTSTDIYQLGSKPCNGKTGPNCVNPIEAYNCEPTDPPEEQPYRVVVLRFHLSDEPPTVCG
design_AF_6M0J_191_seq6,design_AF_6M0J_191,SLSARVRELIEQQLA/GRPCPLESILNAESFASIHAFATTVLSNCVIDFLALKNSGEWDVFKCYGLPVDELQNMCFTRVTADSFVTRGSEVKEIAPGQTGKIADYNYRLPADFTGCVIAKDITDKYCKPGGNFTYTYRKYAPKPLAPYERDTSTAIYQLNATPCNGVTGSGCVNPLEAYNCEPSDPPEKQPYRVVVLRFEISDAPATVCG
design_AF_6M0J_191_seq7,design_AF_6M0J_191,SLREQILKEIEAQKA/GAPCPLDAVLNAATFASVYAFATTTLTNCVLDLLAIANSGTWDVFKCYGLPPEELQNACFTTVTAYSFVTRGKDVKEIAPGATGKIADYNFRLPADFRGCVLARNVTAKYCKPGGNTTYKYRAYAPAPLAPYERDTSTDIYQLGSTPCNGVEGPNCVNPIVAYNCEPSQPPEEQPYAVVVLDFTISSAPATVCG
design_AF_6M0J_191_seq8,design_AF_6M0J_191,SLSEKIKEEIEKHLA/GKPCDLDSVLNASTFASIYDFAETVIENCKIDLLSIKNSGTWDVFKCYGLPVEEAQNYSFTKVTAYSFVTKGKDVKEIAPGQTGKIADYNFRLPADFTGCVIAKNITSKYCKSGGNTTYKYRKYAPAPLKPYEKDTSTDIYQAGSTPCNGKVGPNCYNPIESYNCEPTQPPEEQPYRVVVLRFEISDKPPTVYG
design_AF_6M0J_191_seq9,design_AF_6M0J_191,SLAEEIKRRIEEQKA/GKPCPLDSILNASSFASVYAFSTTTLKNCVIDLTAIKNSGTWDVFKAYGLPVEEAQNASFNEVLAHSFVTRGKEVKEVAPGATGKIADYNFRLPEDFTGIVLAKDVTDKYCKPGGNFTYKYRKYAPKPLAPFEKDTSTDIYQLGPKPCNGKVGPNCVNPIEAYNCEPSQPPEEQPYRVVVLDFKITDEPATVYG
design_AF_6M0J_191_seq10,design_AF_6M0J_191,SAREEFLRLVEEQLA/DKPCPLDSIFNASTYASIYDFASTTLTNCKIDLLSIANSGTWDVFKCYGLPIEEMQHCAFTKVTAHSFVTRGKEVKEIAPGATGRIADYNFRLPADFRGCVLAKDVTDKYCKSGGNFTYKYRRYAPAPLAPYERDTSTDIYQLGSTPCNGKEGPNCVNPIKAYNCEPSQPKEEQPYRVVVLDFEISDEPPTVYG
design_AF_6M0J_53_seq1,design_AF_6M0J_53,MEALREAILAKNEAAK/DKPCPLDSIINASSFASIYNFSKTELTNCKINLLSIKNSNEWDVFKCYGMPVEELQNMSFNKVYAYSFVTKGKDVKEIAPGATGKIADYNFRLPADFTGCVIAKDITDKYCKSGGNFTYKYREYATKPLAPYEKDTSTDIYQLNSTPCNGKEGPGCVNPIKAYNCEPSDPPENKPYRVIILDFELTDEPNTVYG
design_AF_6M0J_53_seq2,design_AF_6M0J_53,MAALREALIAANEAAK/GKPCPLESILNAATFASIYDFASTVLSNCVIDLLSIANSGTWDVLKCYGLPIEEAQNMCFTTVTADSFVTKGKEVKEIAPGQTGKIADYNYRLPADFTGCVIAKNITDKYAKEGGNFTYKYRKYAPAPLAPYEKDTSTDIYQLNTTPCNGKTGPGCVDPIEAYNFEPSQPPEEQPYAVVVLRFEQSDAPPTVCG
design_AF_6M0J_53_seq3,design_AF_6M0J_53,MEALRKALLAANEAAK/GKPCPLDSILNASSFASVYNFSVTTIKNCVIDLTSIKNSGTWDVFKPYGLPVEEAQNMSWTEVKAYSFVTRGKEVKEIAPGATGKIADYNFRLPADFTGIVIARNVKDKYCKEGGNFTYKYRKYAPSPLAPFEKDTSTDIYQLNSTPCNGVVGPGCVNPWEAYNCEPSQPEEEQPYQVVVLDFTQTAEPNTVYG
design_AF_6M0J_53_seq4,design_AF_6M0J_53,MEALREELLAKNKAAL/GKPCPLDDVLNASEFASIYDFAVTDLSNCVIDLTSIKNSGTWDVFKCYGIPVEEAQNMCWHLVKAYSFVTRGKHVKEIAPGQTGEIADYNFRLPEDFTGCVIARNITDKYCKPGGNFKYKYRRYAPKPLQPFEKDTSTDIYQANATPCNGKEGPGCYNPWEAYNCEPSQPPEEQPYRVVVLDFYQSDEPPTVCG
design_AF_6M0J_53_seq5,design_AF_6M0J_53,MEKLRQEFLQKNLEAL/GKPCPLDDILNADTYASIYAFATTTLTNCVIDLLSLKNSGTWDVFKSYGMPVEELQNMCFNRVTADSFVTRGKDVKEIAPGQTGKIADYNYRLPEDFTGIVIARDITDKYCKSGGNFTYKYRKYAPKPLKPFERDTSTDIYQLNSTPCNGKVGPGCVNPIEAYNCEPSQPKEEQPYRVVVLRFEQTDEPATVCG
design_AF_6M0J_53_seq6,design_AF_6M0J_53,MAALAAEIRAKDEAAK/DKPCPLEEILNAEKFASIHAFSTTVLKDCKIDFTSIKNSGTWDVFKCYGMPIDEMQNMSFTEVLAHSFVTKGKDVKEIAPGQTGKIADYNFRLPADFTGCVLAKNIKDKYCKEGGNFTYHYRAYAPKPLAPYEKDTSTDIYQLGSTPCNGKEGPNCVNPWKAYNCEPSQPASEQPYRVVIFDFFQSDEPATVYG
design_AF_6M0J_53_seq7,design_AF_6M0J_53,MAALAAAIRAAAEAAR/GKPCPLADILDADTFASIYAFATTVLENCVIDLVALKNSGTWDVFKCYGIPVDEMQNMCFTRVTADSFVTKGKDVKEIAPGATGRIADYNYRLPADFTGCVIARNITDKYCKEGGNFTYKYRRYAPAPLAPYERDTSTDIYQANSTPCNGVTGPGCYNPIEAYNCEPSDPPENQPYRVVVLRFELSDEPATVCG
design_AF_6M0J_53_seq8,design_AF_6M0J_53,MEELREEFLRKNEAAK/DKPCPLSEIFDAPSFASVYSFATTELKDCKIDLLSIANSGTWDVFKCYGMPIEELQNMSFNLVLAHSFVTRGKEVKEIAPGQTGRIADYNFRLPEDFRGCVIARNGTSLYCKPGGNFTYKYRKYAPRPLAPFEKDTSTDIYQLGPRPCNGKTGPNCVDPIKAYNCEPSQPPEEQPYRVVVLDFFQTEEPNTVYG
design_AF_6M0J_53_seq9,design_AF_6M0J_53,MEELREALLRANEAAR/GKPCPLESILNASEFASIYDFSSTELTNCVIDLTSIKNSGTWDVFKCYGLPVEEAQNMCFTKVTAYSFVTRGREVKEIAPGQTGRIADYNFRLPADFTGCVLAKNVTDKYCKPGGNFTYKYRRYAPKPLAPFEKDTSTDIYQLNSTPCNGKVGPGCVNPIEAYNCEPTDPPENQPYRVVVLRFEQSEEPCTVCG
design_AF_6M0J_53_seq10,design_AF_6M0J_53,MEALREAIIEANRRRL/GKPCPLDSILNASSFASVYDFAETVLSNCVIDLNAIKNSGTWDVFKCYGMPVEEAQHMCFTRVTADSFVTRGSEVKEVAPGQTGRIADYNYRLPEDFTGCVIARNVTDKYCVSGGNTTYKYREYRERPLEPFERDTSTDIYQLNSTPCNGKEGPGCVNPIKAYNCEPTQPASEQPYAVVVLRFELSEEPCTVCG
design_AF_6M0J_110_seq1,design_AF_6M0J_110,MTDEEFLALAQARVA/GKPCPLDSILNASSFASIYDFAETVLTNCVIDLLSIANSGTWDVFKCYGCPVEELQNLAFTTVTAYSFVTRGKDVKEIAPGQTGKIADYNFRLPEDFKGCVIAKDITDKYCVSGGNTTYKYRRYAPRPLKPFEKDTSTDIYQLGPTPCNGKEGPNCVNPIEAYNCEPSQPKEEQPYRVVILDFHLSDEPATVRG
design_AF_6M0J_110_seq2,design_AF_6M0J_110,MTPEEFRALARERVA/GSACPLSSILNASTFASIYDFAVTTLSNCRIDLLSLANSGTWDVFKCYGVPVEELQNLAFTEVKAYSFVTRGKEVKEIAPGQTGKIADYNFRLPADFRGCVIARDITDKYCKEGGNFTYKYREYAPRPLAPFERDTSTDIYQLCSTPCNGKTGPCCVNPIKPYNCEPTQPASEQPYRVVVLDFSLSEEPATVYG
design_AF_6M0J_110_seq3,design_AF_6M0J_110,MTDAEFIAAARARVA/GRPCPLASILDAEKFASIYDFAETVLEDCRLDLTALAASGEWDVFKPYGVPVEEAQGLAFTRVTAYSFVTRGKEVKEIAPGATGKIADYNFRLPADFKGVVIARDITDKYCKEGGNFTYKYRKYATKPLAPYEKDTSTEIYQANSTPCNGVTGPGCYNPIEAYNCEPSQPPEEQPYRVVVLRFELTDAPATVRG
design_AF_6M0J_110_seq4,design_AF_6M0J_110,MTPEEFRALALARVA/GKPCPLDAVLNADEFASIYDFAETTLTNCVIDFLSIKNSGTWDVFKCYGIPIEELQNLCFTTVTARSFVTKGSEVKEIAPGQTGKIADYNFRLPADFKGCVLAKDVTDKYCKPGGNFKYKYRKYAPKPLAPFEKDTSTDIYQAGSTPCNGKEGPNCYNPIEAYNCEPSDPPSEQPYAVVVLDFHLSDEPATVCG
design_AF_6M0J_110_seq5,design_AF_6M0J_110,MTDEEFIELAKKRVE/GKPCPLDSILNASSFASIYAFSTTEITNCVIDLTSLKNSGTWDVFKCYGVPVEEAQNLCFTKVTADSFVTKGKDVKEIAPGQTGRIADYNYRLPEDFKGCVIAKNITDKYCKPGGNTTYKYRKYAPAPLAPYEKDTSTDIYQLGSKPCNGKTGPNCVNPIEAYNCEPTDPPEEQPYRVVVLRFELSDEPATVCG
design_AF_6M0J_110_seq6,design_AF_6M0J_110,MSDEEFRELAQQRVA/GRPCPLESILNAESFASIHAFATTVLSNCVIDFLSLKNSGEWDVFKCYGMPVDELQNYCFTRVTADSFVTRGSEVKEIAPGQTGKIADYNYRLPADFKGCVIAKDITDKYCKPGGNFTYTYRKYAPKPLAPYERDTSTAIYQLNATPCNGVTGSGCVNPLEAYNCEPSDPPEKQPYRVVVLRFELSDEPATVCG
design_AF_6M0J_110_seq7,design_AF_6M0J_110,MTPEQFIALALARRA/GAPCPLDAVLNAATFASVYAFATTTLTNCVLDLLAIKNSGTWDVFKCYGVDPEELQNLCFTTVTAYSFVTRGKDVKEIAPGATGKIADYNFRLPADFRGCVLARNVTAKYCKPGGNTTYKYRAYAPAPLAPYERDTSTDIYQLGSTPCNGVEGPNCVNPIVAYNCEPSQPPEEQPYAVVVLDFTLSSAPATVCG
design_AF_6M0J_110_seq8,design_AF_6M0J_110,MTDEEFREAALKRVE/GKPCDLDSILNASTFASIYDFAETVIENCKIDLLSIKNSGTWDVFKCYGIPVEEAQNLAFTKVTAYSFVTKGKDVKEIAPGATGKIADYNFRLPADFKGCVIAKNITSKYCKSGGNTTYKYRKYAPAPLKPYEKDTSTDIYQAGSTPCNGKVGPNCYNPIESYNCEPTQPPEEQPYRVVVLRFELSDEPATVYG
design_AF_6M0J_110_seq9,design_AF_6M0J_110,MTDEEFRARALARVA/GKACPLDSILNASSFASVYAFSTTTLTNCVIDLTAIANSGTWDVFKAYGVPVEEAQNLAWNEVLAHSFVTRGKEVKEVAPGATGKIADYNFRLPEDFKGIVLAKDVTDKYCKPGGNFTYKYRKYAPKPLAPFEKDTSTDIYQLGPKPCNGKVGPNCVNPIEAYNCEPSQPPEEQPYRVVVLDFHLTDEPATVYG
design_AF_6M0J_110_seq10,design_AF_6M0J_110,MTPEEFIALARARVA/DKPCPLDSILNASTYASIYDFASTTLTNCVIDLLSIANSGTWDVFKCYGCPIEEMQHLAFTTVTAHSFVTRGKEVKEIAPGATGRIADYNFRLPADFRGCVLAKDVTDKYCKSGGNFTYKYRRYAPAPLAPYERDTSTDIYQLGSTPCNGKEGPNCVNPIKAYNCEPSQPKEEQPYRVVVLDFHLSDEPATVYG
design_AF_6M0J_69_seq1,design_AF_6M0J_69,SAALEKALELAKKLLA/DKPCPLDSIINASSFASIYNFSKTELTNCKINFLSIKNSNEWDVFKCYGIPVEELQNRAFNKVYAYSFVTKGKEVKEIAPGATGRIADYNFRLPADFTGCVIAKDITDKYCKSGGNFTYKYREYATKPLAPYEKDTSTDIYQLNSTPCNGKEGPGCVNPIKAYNCEPSDPPENKPYRVIILDFEITPEPPTVYG
design_AF_6M0J_69_seq2,design_AF_6M0J_69,MEKLRELLKLREELLK/GKPCPLESILNAATFASIYDFAETVLSNCVIDLLSIANSGTWDVLKCYGLPIEEMQNECFTTVKAYSFVTKGKEVKEIAPGQTGKIADYNFRLPADFTGCVIAKNITDKYAKEGGNFTYKYRKYAPKPLQPFEKDTSTDIYQLNTTPCNGKTGPGCVDPIEAYNFEPSQPPEEQPYAVVVLDFELSPEPPTVCG
design_AF_6M0J_69_seq3,design_AF_6M0J_69,MEKVRKELEERKKLLA/GKPCPLDSILNASSFASVYNFSVTTIKNCVIDLTSIKNSGTWDVFKWYGIPVEEAQNYSWTEVKAYSFVTRGKEVKEIAPGATGKIADYNFRLPADFTGVVLARNVKDKYCKEGGNFTYKYRKYAPSPLAPYEKDTSTDIYQLNSTPCNGVVGPGCVNPWEAYNCEPSQPEEEQPYQVVVLDFTISDEPPTVYG
design_AF_6M0J_69_seq4,design_AF_6M0J_69,SSALREQLARVEKELA/GKPCPLDDVLNASEFASIYDFAVTDLSNCVIDLTSIANSGTWDVFKCYGIPVEEAQNLCFHLVKAYSFVTRGKHVKEIAPGQTGEIADYNFRLPADFRGCVIARNITDKYCKPGGNFKYKYRRYAPKPLAPFEKDTSTDIYQANATPCNGKEGPGCYNPWEAYNCEPSQPPEEQPYRVVVLDFTLSSEPPTVCG
design_AF_6M0J_69_seq5,design_AF_6M0J_69,MEALLAELAQAALALA/GQPCPLDDILNADTYASIYAFATTTLTNCVIDLLSLKNSGTWDVFKSYGCPVEELQNMCFTEVLAHSFVTRGKDVKEIAPGQTGKIADYNFRLPEDFRGIVIARDITDKYCKSGGNFTYKYRKYAPKPLKPYERDTSTDIYQLNSTPCNGKVGPGCVNPIEAYNCEPTQPKEEQPYRVVVLDFHISPAPPTVCG
design_AF_6M0J_69_seq6,design_AF_6M0J_69,SAALAAELAARAAALA/GKPCPLEEILNAEKFASIHAFSTTVLRDCVIDFTSIKNSGTWDVFKCYGAPIDELQNLAFTEVLAHSFVTKGKDVKEIAPGQTGKIADYNFRLPADFRGCVIAKNIKDKYCKAGGNFTYHYRAYAPKPLAPYEKDTSTDIYQLGSTPCNGKEGPNCVNPWKAYNCEPSQPASEQPYRVVILDFHLSDAPPTVYG
design_AF_6M0J_69_seq7,design_AF_6M0J_69,SAAFEEALAKRKELLA/GKPCPLDAILNASTFASIYAFATTVLENCVIDFVAIKNSGTWDVFKCYGIPVDELQNYCFTRVTADSFVTKGKDVKEIAPGATGRIADYNYRLPADFRGCVLARNITSKYCKSGGNFTYKYRRYAPAPLAPYERDTSTDIYQANSTPCNGVTGPGCYNPIEAYNCEPTDPPENQPYRVVVLRFELSDEPPTVCG
design_AF_6M0J_69_seq8,design_AF_6M0J_69,SAAFEEELKKREELLK/DKPCPLDEILNAPSFASVYSFATTELKNCKIDLTSIANSGTWDVFKSYGIPIEELQNKSFTLVLAHSFVTRGKEVKEIAPGQTGRIADYNYRLPEDFRGIVIARNGTSLYCKPGGNFTYKYRKYAPRPLAPFEKDTSTDIYQLGPRPCNGKTGPNCVDPIKAYNCEPSQPPEEQPYRVVILDFFLSEEPPTVYG
design_AF_6M0J_69_seq9,design_AF_6M0J_69,RERVLEELRRREELLE/GKPCPLESILNASEFASIYDFSSTELTNCVIDLTSIKNSGTWDVFKCYGIPVEEAQNMSWTKVTAYSFVTRGREVKEIAPGQTGRIADYNFRLPADFTGCVLAKNVTDKYCKPGGNFTYKYRRYAPKPLAPFEKDTSTDIYQLNSTPCNGKVGPGCVNPIEAYNCEPTDPPENQPYRVVVLRFELSDEPPTVYG
design_AF_6M0J_69_seq10,design_AF_6M0J_69,MKKVEEALKEAEEKLK/GKACPLDSILNASSFASVYDFATTVLSNCVIDLNAIKNSGTWDVFKCYGIPVEEAQNKSFTKVTAHSFVTRGSEVKEVAPGQTGRIADYNFRLPEDFTGCVIARNVTDKYCVSGGNTTYKYREYRERPLEPYERDTSTDIYQLNSTPCNGKEGPGCVNPIKAYNCEPTQPASEQPYAVVVLDFHISEEPPTVSG
design_AF_6M0J_207_seq1,design_AF_6M0J_207,SAAVLAAIEAQKAAL/GKPCPLDSILNASSFASIYDFAETVLENCVIDLLSIANSGTWDVFKCYGLPVEELQNASFTRVTARSFVTRGKDVKEIAPGQTGKIADYNYRLPDDFTGCVIAKDITDKYCVSGGNTTYKYRRYAPKPLAPYEKDTSTDIYQLGPTPCNGKEGPNCVNPIEAYNCEPSQPKEEQPYRVVILDFEISAEPATVYG
design_AF_6M0J_207_seq2,design_AF_6M0J_207,SEELLRLIEEQKKRL/GKACPLDSILNASTFASIYDFAVTTLKNCKIDLLSLANSGTWDVFKCYGLPVEELQNCSFTEVKAYSFVTRGKEVKEIAPGQTGKIADYNFRLPADFRGCVIARDITDKYCKEGGNFTYKYREYAPRPLAPFERDTSTDIYQLCSTPCNGKTGPCCVNPIKPYNCEPTQPASEQPYRVVVLDFSISEEPATVYG
design_AF_6M0J_207_seq3,design_AF_6M0J_207,SEALLAEIAARQAAL/GRPCPLASILDAEKFASIYDFAETVLENCRIDLTALAAAGTWDVFKPFGLPVEELQGCAFTRVTAYSFVTRGKEVKEIAPGATGKIADYNFRLPADFRGIVIARDITDKYCKEGGNFTYKYRKYATKPLAPYEKDTSTEIYQANSTPCNGVTGPGCYNPIEAYNCEPSQPPEEQPYRVVVLRFEITPEPATVYG
design_AF_6M0J_207_seq4,design_AF_6M0J_207,SAAVRALIAAQAAAQ/GKPCPLDAVLNADEFASVYDFAETTLTNCVIDFLSIKNSGTWDVFKCYGIPIDELQNMCFTTVTARSFVTKGSEVKEIAPGQTGKIADYNFRLPADFTGCVLAKDVTDKYCKPGGNFKYKYRKYAPKPLAPFEKDTSTDIYQAGSTPCNGKEGPNCYNPIEAYNCEPSDPPSEQPYAVVVLDFHISPEPATVCG
design_AF_6M0J_207_seq5,design_AF_6M0J_207,SARVRALVAAQAAAL/GKPCPLDSILNASSFASIYAFSTTELKNCVIDLTSLKNSGTWDVFKCYGLPVEEAQNMCFTLVTADSFVTKGKDVKEIAPGQTGRIADYNYRLPEDFTGCVIAKNITDKYCKPGGNTTYKYRKYAPAPLAPYEKDTSTDIYQLGSKPCNGKTGPNCVNPIEAYNCEPTDPPEEQPYRVVVLRFHISPEPPTVCG
design_AF_6M0J_207_seq6,design_AF_6M0J_207,SEALKKLIEEQKAKL/GRPCPLESILNAESFASIHAFATTVLSNCVIDFLSLKNSGEWDVFKCYGLPVDELQNCCFTRVTADSFVTRGSEVKEIAPGQTGKIADYNYRLPADFTGCVIAKDITDKYCKPGGNFTYTYRKYAPKPLAPYERDTSTAIYQLNATPCNGVTGSGCVNPLEAYNCEPSDPPEKQPYRVVVLRFEISDEPFTVCG
design_AF_6M0J_207_seq7,design_AF_6M0J_207,SEEVKKLIELQEKLL/GKPCPLDAVLNAATFASVYAFATTTLTNCVLDLLSIKNSGTWDVFKCYGLPPEELQNRCFTTVTAHSFVTRGKDVKEIAPGATGKIADYNFRLPADFRGCVLARNVTAKYCKPGGNTTYKYRAYAPAPLAPYERDTSTDIYQLGSTPCNGVEGPNCVNPIVAYNCEPSQPPEEQPYAVVVLDFTISSAPPTVCG
design_AF_6M0J_207_seq8,design_AF_6M0J_207,SAAVLEAIKQQQALQ/GKPCDLDSILNASTFASIYDFAETVIENCKIDLLSIKNSGTWDVFKCYGLPVEEAQNCSFTKVTAYSFVTKGKDVKEIAPGQTGKIADYNFRLPADFTGCVIAKNITSKYCKSGGNTTYKYRKYAPAPLKPYEKDTSTDIYQAGSTPCNGKVGPNCYNPIESYNCEPTQPPEEQPYRVVVLRFEISPEPATVYG
design_AF_6M0J_207_seq9,design_AF_6M0J_207,SEEVLKLIEEQQKAL/GKPCPLDSILNASSFASVYAFSTTTLTNCVIDLTAIANSGTWDVLKAYGLPIEEAQNASFTTVTADSFVTRGKEVKEVAPGATGKIADYNYRLPEDFTGIVLAKDVTDKYCKPGGNFTYKYRKYAPKPLAPFEKDTSTDIYQLGPKPCNGKVGPNCVNPIEAYNCEPSQPPEEQPYAVVVLRFEISPEPATVYG
design_AF_6M0J_207_seq10,design_AF_6M0J_207,GARLRELLAAQAARL/DKPCPLDSIFNASTYASIYDFASTTLTNCVIDLLSIANSGTWDVFKCYGLPIEEAQHAAFTRVTAHSFVTRGKEVKEIAPGATGRIADYNFRLPADFTGCVLAKDVTDKYCKSGGNFTYKYRRYAPAPLAPYERDTSTDIYQLGSTPCNGKEGPNCVNPIKAYNCEPSQPKEEQPYRVVVLDFEITDEPPTVYG
design_AF_6M0J_82_seq1,design_AF_6M0J_82,LAAAERARWAALRAAQA/GKPCPLDEILNAPEFASVDAFAVTVLENCVIDLLSIKNSGTWDVFKSYGVPVEEAQNLCWTRVLAYSFVTRGKDVKEVAPGQTGRIADYNFRLPADFTGTVLAKEIRDKACKPGGNTKYRYRRYAPAPLAPFERDTSTDIYQLNSTPCNGVTGPGCVDPWEAYVCEPSQPEEEQPYRVVVLRYELTDEPPTVCG
design_AF_6M0J_82_seq2,design_AF_6M0J_82,AAAEERARWAALRAAQA/GKPCPLDSVLNASSFASVHAFARTELTNCVIDLLSIKNSGTWDVFKCYGIPIEEMQNMCFTRVTADSFVTRGKEVAEVAPGATGRIADYNYRLPADFTGCVIAKNIRDKYAKPGGNFTYSYRRYRPRPLAPFERDTSTDIYQLGSTPCNGVEGPNCVNPWKKYNFEPSQPESEQPYRVVVLRFELSDEPPTVCG
design_AF_6M0J_82_seq3,design_AF_6M0J_82,AAAAARALVDALVAAEA/GKPCPLDEILNADKFASVHAFATTELTNCVIDWTAIKNSGTWDVFKSYGIPVDTLQNLCFTRVLADSFVTRGKEVKEIAPGATGRIADYNFRLPADFRGIVLARNITDKYCKPGGNFTYHYRRYAPRPLAPFERDTSTEIYQLGPKPCNGKEGPDCVNPWEAYNCEPTQPPEEQPYRVVVFRFELSDEPPTVCG
design_AF_6M0J_82_seq4,design_AF_6M0J_82,AAAAARARVAALRAAEA/GKPCPLDDILNADTYASIYDFATTELKDCVIDWTAIKNSGTWDVFKSYGIPVDELQGLCFTLVKADSFVTRGSEVKEIAPGQTGRIADYNYRLPADFTGIVIARNVTDKYCKEGGNFTYKYRRYAPKPLAPYEKDTSTEIYQAGPKPCNGKVGPNCYNPWKAYNCEPTQPASEQPYAVVIFRFELSDAPPTVCG
design_AF_6M0J_82_seq5,design_AF_6M0J_82,AAAAARARWAALRAAAA/GKPCPLESILNAETFASIYDFATTELTNCVIDLVALANSGTWDVLKAYGVPIEEAQGLCFTRVLAHSFVTRGKDVKEIAPGQKGKIADYNFRLPADFTGVVIARNITDKYCKPGGNFTYKYRKYAPSPLKPYEKDTSTDIYQLGSTPCNGKEGPNCVNPIEAYNCEPSQPPEEQPYRVVVLDFELSPEPPTVCG
design_AF_6M0J_82_seq6,design_AF_6M0J_82,EAKKEKEKLEKLIKEEK/DKPCPLESIINADTFASVYNFAKTVLKNCKIDLLSIKNSGEWDVFKCYGIPVEKLQNLSFTEVYAYSFVVKGKDVKEIAPGATGEIADYNFRLPDDFRGCVIAKDITDKYCKEGGNFTYKYRKYAPKPLAPFEKDTSTDIYQLGSTPCNGKEGPNCVNPIKAYNCEPSQPKEEQPYRVIVLDFFYSEEPPTVYG
design_AF_6M0J_82_seq7,design_AF_6M0J_82,EAEEERRRLAALRAAQA/GKPCPLDEILNASTYASIYAFSKTVLENCVIDLTSIANSGTWDVFKCYGIPVAELQNLSFTRVLAYSFVTKGKDVKEVAPGQTGAIADYNFRLPADFTGCVLAKNVTDKYCVSGGNTTYKYRAYAPKPLAPYEVDTSTDIYQLGSTPCNGKEGPNCVNPIKAYNCEPSDPPENQPYAVVVLDFELTPEPPTVYG
design_AF_6M0J_82_seq8,design_AF_6M0J_82,EAARARAEWAALRAAEA/GRPCPLEDILNAETFASVYDFAKTVLRDCVIDLTAIANSGEWDVFKCYGVPVARAQGLAFTEVLAYSFVTRGKDVSEIAPGKTGEIADYNFRLPADFTGCVIARNITDKYCKPGGNFTYKYRKYAPKPLAPFEKDTSTDIYQANSTPCNGKVGPGCYDPIKAYKCEPSQPPEEQPYRVVVLEFTLSDEPPTVRG
design_AF_6M0J_82_seq9,design_AF_6M0J_82,EAARARELWEALREAEK/GRPCPLEDILNAEKFASVYDFATTTLTNCVIDLTSIANSGEWDVFKCYGVPVETAQNLCFTEVTADSFVTRGKDVKEIAPGATGKIADYNFRLPEDFTGCVLAKNITDKYCKEGGNFTYKYRKYAPKPLEPYEKDTSTDIYQLGPTPCNGKEGPNCVNPWEAYNCEPSQPPEEQPYRVIVLRFSLSSKPPTVCG
design_AF_6M0J_82_seq10,design_AF_6M0J_82,EAARERERWARLRAEEA/GKPCPLEEILNAEEFASIYDFATTTLTDCVIDLTAIKNSGEWDVFKCYGIPVERLQGMAFTEVKAHSFVTKGKDVKEIAPGQKGKIADYNYRLPADFTGCVLAKNITDKYCKKGGNKTYKYRKYAERPLKPFEKDTSTDIYQLGSTPCNGKEGPNCVNPIEAYNCEPTDPPEEQPYRVVVLEFTLSDAPPTVRG
design_AF_6M0J_214_seq1,design_AF_6M0J_214,MASPEEMKEEKARLEALR/GKPCPLDDILNASTFASVYAFSETVLENCVIDLTSIKNSGTWDVFKCYGIPVEELQNRCFNRVTAYSFVTRGKDVSEIAPGKTGEIADYNFRLPADFTGCVIAKNITSTYCKSGGNTTYKYRRYAPKPLAPFEKDTSTEIYQANSTPCNGKEGPGCYNPIKAYNCEPSDPASNQPYRVVILRFELTDEPGTVCG
design_AF_6M0J_214_seq2,design_AF_6M0J_214,PASPEEMEETRKKLEALR/GKPCPLEEILNAEKFASVYAFSKTVLKNCVIDFLAIKNSNEWDVLKSYGIPIDELQNYCFNEVYAYSFVTKGKDVKEIAPGATGKIADYNFRLPADFRGIVLAKDITDKYCKPGGNFTYKYRAYAPKPLAPFERDTSTDIYQLNSTPCNGVPGPGCVNPIVAYNCEPSQPPEEQPYRVVIFDFTLTPEPGTVCG
design_AF_6M0J_214_seq3,design_AF_6M0J_214,MASPEEMERIRAELEARR/NKPCPLDSILNASSFASVYDFSSTVLTNCVIDFNAIKNSGTWDVFKCYGLPIDELQNYSFTTVTAYSFVTKGSEVKEIAPGQKGKIADYNFRLPADFTGCVLAKNITSKYCKSGGNFTYKYREYAPKPLKPYEKDTSTDIYQANAEPCNGKEGPGCYNPWKAYNCEPSDPPEKQPYRVVVLDFHLSPEPGTVYG
design_AF_6M0J_214_seq4,design_AF_6M0J_214,PASPAEMAAERARLEALR/GKECPLDSIFNASTYASIYNFSKTVLENCKIDLTKIKNSGTWDVFKCYGLPVDELQNRAFNRVLAYSFVTRGKDVEEIAPGKTGKIADYNFRLPADFTGCVIAKDVTDKYCKPGGNFTYYYREYAPKPLKPFEKDTSTDIYQLGSTPCNGKTGPNCVNPWKAYNCEPSQPPEEQPYAVVVLDFELTDEPGTVYG
design_AF_6M0J_214_seq5,design_AF_6M0J_214,PASPEEMRREREELEALR/GKACPLDAILNAETYASIHAFAKTTLTNCVIDFLAIKNSGTWDVFKCYGIPVEELQNRAFNEVYAYSFVTKGSEVKEIAPGQTGQIADYNFRLPADFRGCVLAKNITDKYCKEGGNFTYTYRAYATKPLAPFEKDTSTDIYQLNSTPCNGVEGTGCVNPWKAYNCEPSQPPSEQPYRVVVFDFVLTDAPATVYG
design_AF_6M0J_214_seq6,design_AF_6M0J_214,MASPEEMKKEREEFEKRR/GKPCPLDSVLNASSFASIYNFATTVLENCKIDLLALKNSGTWDVFKCYGCEPEELQNRSFTKVLAHSFVTKGKEVKEIAPGQTGEIADYNFRLPEDFTGCVIAKNVTSKYCKSGGNFTYKYRAYAPSPLAPFERDTSTDIYQLNSTPCNGKEGPGCVNPIKAYNCEPSQPPEEQPYRVVVLDFYLSDEPGTVYG
design_AF_6M0J_214_seq7,design_AF_6M0J_214,PASPEEMARQRAELEARR/GKPCPLDDVLNASTYASIYDFATTELTNCVIDLTSIANSNTWKVLKCYGLPIEEMQNRCFTKVTAHSFVTKGKDVKEIAPGQTGRIADYNFRLPADFTGCVIARDIRDKYCKEGGNFTYKYRKYAPKPLAPYEKDTSTDIYQLCSTPCNGKEGPCCVNPIEAYNCEPTQPESEQPYRVVVLDFTLSDEPGTVCG
design_AF_6M0J_214_seq8,design_AF_6M0J_214,PASPEEMKRERERLEALA/GKPCPLDEILNADKFASIYAFSETELTNCTIDWVSIANSGTWDVFKCYGIPIEELQNRCFNKVTAYSFVTKGSEVKEIAPGATGKIADYNFRLPADFRGCVLAKDITDKYCKPGGNFTYKYRRYASAPLAPFEKDTSTDIYQLNSEPCNGKEGPGCVNPWEAYNCEPSQPPSEQPYRVVVFDFELTDEPGTVCG
design_AF_6M0J_214_seq9,design_AF_6M0J_214,MASSEEMKEQRAELEALR/DKPCPLDSVFNAKEFASVYDFAETTLTNCKIDFNAIKNSGTWDVFKCYGIPVDELQNRAFNEVKAYSFVTRGKEVKEIAPGQTGKIADYNFRLPEDFRGCVIAKNVTDKYCKPGGNTTYKYREYAPKPLKPYEKDTSTEIYQLNSTPCNGKEGPGCVNPIKAYNCEPSDPPEEQPYRVVILDFTLTDKPGTVYG
design_AF_6M0J_214_seq10,design_AF_6M0J_214,MASPEEMERQRAELEALA/GKPCPLDSILNASSFASIYAFSSTVLENCVIDFTSIANSNTWDVFKCYGLPVEELQNRCFNRVTAYSFVTKGKDVSEIAPGKTGKIADYNFRLPADFRGCVIAKNVTDKYCKPGGNFTYKYREYATKPLAPFEKDTSTDIYQLNSKPCNGKVGPGCVDPIKAYKCEPTDPPENQPYRVVVLDFELTPEPGTVCG
design_AF_6M0J_198_seq1,design_AF_6M0J_198,MMEELKALNAKLKLA/NKPCPLDSILNASSFASIYDFAETVLENCVIDLLKLKNSGTWDVFKCYGMPVEELQNMSFTKVTARSFVTRGKDVKEIAPGQTGKIADYNYRLPEDFTGCVIAKDITDKYCVSGGNTTYKYRRYAPKPLAPYEKDTSTDIYQLGPTPCNGKEGPNCVNPIEAYNCEPSQPKEEQPYRVVILDFELSDEPATVYG
design_AF_6M0J_198_seq2,design_AF_6M0J_198,MEEEIRKINAKLKLC/GKDCPLDSILNASTFASIYDFAVTTLKNCKIDLLSIKNSGTWDVFKCYGIPVEELQNMSFTEVKAYSFVTRGKEVKEIAPGQTGKIADYNFRLPADFTGCVIARDITDKYCKEGGNFTYKYREYAPRPLAPFERDTSTDIYQLCSTPCNGKTGPCCVNPIKPYNCEPTQPASEQPYRVVVLDFTYSDECATVYG
design_AF_6M0J_198_seq3,design_AF_6M0J_198,TEAELLALNAKQTLA/GRPCPLESILDAEEFASIYDFAETLLENCVIDLTALANSGEWDVFKPYGIPVEKAQGMAWNRVYAYSFVTRGKEVKEIAPGATGKIADYNFRLPADFTGVVIARDITDKYCKEGGNFTYKYRKYATKPLAPYEKDTSTEIYQANSTPCNGVTGPGCYNPIEAYNCEPSQPPEEQPYRVVVLRFELTDAPATVYG
design_AF_6M0J_198_seq4,design_AF_6M0J_198,MEEEIKKENAKLKLA/DKPCPLDAVLNADEFASIYDFAETTLTNCKIDFLSIKNSGTWDVFKCYGIPIEELQNMSFTKVTARSFVTKGSEVKEIAPGQTGKIADYNFRLPADFRGCVLAKDVTDKYCKPGGNFKYKYRKYAPKPLAPFEKDTSTDIYQAGSTPCNGKEGPNCYNPIEAYNCEPSDPPSEQPYAVVVLDFELSDEPATVYG
design_AF_6M0J_198_seq5,design_AF_6M0J_198,MLEELKEKNKKQKLK/DKPCPLDSILNASSFASIYAFSTTTIKDCKIDLTSLKNSGTWDVFKCYGIPVEEAQNMSFNEVTADSFVTKGKDVKEIAPGQTGRIADYNYRLPEDFTGCVIAKNITDKYCKPGGNTTYKYRKYAPAPLAPYEKDTSTDIYQLGSKPCNGKEGPDCVNPIEAYNCEPTDPPEEQPYRVVVLRFTLTDEPATVYG
design_AF_6M0J_198_seq6,design_AF_6M0J_198,MRAKLKELNAKQKLA/GKPCPLESILNAESFASIHAFATTVISNCVIDFLALKNSGEWDVFKCYGMPVDELQNMCFNRVTADSFVTRGSEVKEIAPGQTGKIADYNYRLPADFTGCVIAKDITDKYCKPGGNFTYTYRKYAPKPLAPYERDTSTAIYQLNATPCNGVTGSGCVNPLEAYNCEPSDPPEKQPYRVVVLRFELTDEPATVCG
design_AF_6M0J_198_seq7,design_AF_6M0J_198,MKEKLKELNAKQKKV/GKPCPLDAVLNAATFASVYAFATTTLTNCVIDLLSIKNSGTWDVFKCYGMDPEELQNMCFNTVTAYSFVTRGKDVKEIAPGATGKIADYNFRLPADFTGCVLARNVTAKYCKPGGNTTYKYRAYAPAPLAPYERDTSTDIYQLGSTPCNGVEGPNCVNPIVAYNCEPSQPPEEQPYAVVVLDFTLSSAPATVCG
design_AF_6M0J_198_seq8,design_AF_6M0J_198,MLEELLAQNAKQKLA/GKPCPLDSILNASTFASIYDFAETVITDCKIDLLSIKNSGTWDVFKCYGIPPELAQNMAWNRVTAYSFVTKGKDVKEIAPGATGKIADYNFRLPADFTGCVIAKNITSKYCKSGGNTTYKYRKYAPAPLKPYEKDTSTDIYQAGSTPCNGKVGPNCYNPIESYNCEPTQPPEEQPYRVVVLRFELTDEPATVYG
design_AF_6M0J_198_seq9,design_AF_6M0J_198,MEAELKALNAKMKLA/GKPCPLDSILNASSFASVYAFSTTELTNCKIDLTAIKNSGTWDVFKAYGIPVEKAQNMSWNKVLAHSFVTRGKEVKEVAPGATGKIADYNFRLPEDFTGIVLAKDVTDKYCKPGGNFTYKYRKYAPKPLAPFEKDTSTDIYQLGPKPCNGKVGPNCVNPIEAYNCEPSQPPEEQPYRVVVLDFFLTDEPATVYG
design_AF_6M0J_198_seq10,design_AF_6M0J_198,ALAELEAANAKQTLA/DKPCPLDSIFNASTYASIYDFASTTLTNCKIDLLSIANSGTWDVFKCYGAPIEKLQNMAFNKVTAHSFVTRGKEVKEIAPGATGRIADYNFRLPADFRGCVLAKDVTDKYCKSGGNFTYKYRRYAPAPLAPYERDTSTDIYQLGSTPCNGKEGPNCVNPIKAYNCEPSQPKEEQPYRVVVLDFELTDEPATVYG
design_AF_6M0J_47_seq1,design_AF_6M0J_47,ERAARAAALRAYLAA/DKPCPLDSILNASSFASIYDFAETVLENCRIDLLALANSGTWDVFKCYGLPVEELQGFAATRVTAYSFVTRGKDVKEIAPGQTGKIADYNFRLPADFRGCVIAKDITDKYCVSGGNTTYKYRRYAPRPLAPFEKDTSTDIYQLGPTPCNGKEGPNCVNPIEAYNCEPSQPKEEQPYRVVILDFELSDEPATVYG
design_AF_6M0J_47_seq2,design_AF_6M0J_47,EREERKRRLLEYLAA/GKACPLDSILNASTFASIYDFAVTTLTNCVIDILSIKNSGTWDVFKCYGIPPEELQNFAFTEVKAYSFVTRGKEVKEIAPGQTGKIADYNFRLPADFRGCVIARDITDKYCKEGGNFTYKYREYAPRPLAPFERDTSTDIYQLCSTPCNGKTGPCCVNPIKPYNCEPTQPASEQPYRVVVLDFTVSEEPATVYG
design_AF_6M0J_47_seq3,design_AF_6M0J_47,ERAARAARLRAYLAA/DRPCPLESILDAEEFASIYDFAETLLENCRIDLTALAASGEWDVFKPFGIPVEELQGFAFNRVYAYSFVTRGKEVKEIAPGATGKIADYNFRLPADFRGIVIARDITDKYCKEGGNFTYKYRKYATKPLAPYEKDTSTEIYQANSTPCNGVTGPGCYNPIEAYNCEPSQPPEEQPYRVVVLRFELTDEPATVYG
design_AF_6M0J_47_seq4,design_AF_6M0J_47,EREALAAKLKEYLAK/DKPCPLDAVLNADEFASIYDFAETTLTNCVIDFLSIKNSGTWDVFKCYGIPIEELQNFAATKVTARSFVTKGSEVKEIAPGQTGKIADYNFRLPADFRGCVLAKDVTDKYCKPGGNFKYKYRKYAPKPLAPFEKDTSTDIYQAGSTPCNGKEGPNCYNPIEAYNCEPSDPPSEQPYAVVVLDFELSDEPATVYG
design_AF_6M0J_47_seq5,design_AF_6M0J_47,ARAAAAARLRAHLAA/DKPCPLDSILNASSFASIYAFSTTVLENCRIDLRALRDSGTWDVFRCYGLPVEELQDFAFTRVTADSFVTKGSEVSEIAPGATGRIADYNYRLPADFRGCVIARNITDKYCKPGGNTTYKYRKYATAPLAPYEKDTSTDIYQKGSKPCNGKEGPDCVNPIEAYNCEPTDPPANQPYRVVVLRFEVSDEPATVYG
design_AF_6M0J_47_seq6,design_AF_6M0J_47,ERAALAARLREHLAA/DKPCPLESILNAESFASIHAFATTVIRDCVIDFLSIKNSGEWDVFKCYGIPVDELQNFAFTRVTADSFVTRGSEVKEIAPGQTGKIADYNYRLPADFRGCVLAKDITDKYCKPGGNFTYTYRKYAPKPLAPYERDTSTAIYQLNATPCNGVTGSGCVNPLEAYNCEPSDPPEKQPYRVVVLRFELSDEPATVYG
design_AF_6M0J_47_seq7,design_AF_6M0J_47,EREKLKEKLKKYLAE/GKPCPLDAVLNAATFASVYAFATTTLTNCVIDILSIKNSGTWDVFKCYGIDPEELQNYAANTVTAYSFVTRGKDVKEIAPGATGKIADYNFRLPADFRGCVLARNITDKYCKPGGNTTYKYRAYAPAPLAPYERDTSTDIYQLGSTPCNGVEGPNCVNPIVAYNCEPSQPPEEQPYAVVVLDFTVSDEPATVYG
design_AF_6M0J_47_seq8,design_AF_6M0J_47,EREERKRRAEEYFAA/DKPCDLDSILNASTFASIYDFAETVITDCRIDLLSIKNSGTWDVFKCYGIPVEEAQNFAFTRVTAYSFVTKGKDVKEIAPGATGKIADYNFRLPADFRGCVIAKNITSKYCKSGGNTTYKYRKYAPAPLKPYEKDTSTDIYQAGSTPCNGKVGPNCYNPIESYNCEPTQPPEEQPYRVVVLRFELSDEPATVYG
design_AF_6M0J_47_seq9,design_AF_6M0J_47,EREELKQRLLEHLAA/DKPCPLDSILNASSFASVYAFSTTELTNCRIDLTAIANSGTWDVLKSYGIPIEELQNFAANRVLAHSFVTRGKEVKEVAPGATGKIADYNFRLPADFRGIVLAKDVTDKYCKPGGNFTYKYRKYAPKPLAPFEKDTSTDIYQLGPKPCNGKVGPNCVNPIEAYNCEPSQPPEEQPYRVVVLDFEVTDEPATVYG
design_AF_6M0J_47_seq10,design_AF_6M0J_47,RRRELKERLLRYLAE/DKPCPLDSIFNASTYASIYDFASTVLENCVIDLLSIANSGTWDVFKCYGLPIEELQHFAATRVTAHSFVTRGKEVKEIAPGATGRIADYNFRLPADFRGCVLAKDVTDKYCKSGGNFTYKYRRYAPAPLAPFERDTSTDIYQLGSTPCNGKEGPNCVNPIKAYNCEPSQPKEEQPYRVVVLEFEVSDEPATVYG
design_AF_6M0J_243_seq1,design_AF_6M0J_243,LSPASLAFLAAEAAQAA/GKPCPLDEILNAPEFASVDAFAVTELTDCVIDLLSIKNSGTWDVFKSYGLPVEELQGKCFTRVLAYSFVTRGKDVKEVAPGQTGRIADYNFRLPADFTGIVLAKEIRDKACKPGGNTKYRYRRYAPAPLAPFERDTSTDIYQLNSTPCNGVTGPGCVDPWEAYVCEPSQPEEEQPYRVVVLRFELTPEPATVCG
design_AF_6M0J_243_seq2,design_AF_6M0J_243,MSPISKALLEAIAKQLA/GKPCPLDSVLNASSFASVHAFARTELTNCVIDFLSIKNSGTWDVFKCYGLPIEELQNKCFTRVTADSFVTRGKEVAEVAPGATGRIADYNYRLPADFTGCVIAKNIRDKYAKPGGNFTYSYRRYRPRPLAPFERDTSTDIYQLGSTPCNGVEGPNCVNPWKKYNFEPSQPESEQPYRVVVLRFELSDEPPTVCG
design_AF_6M0J_243_seq3,design_AF_6M0J_243,MSPTSLALLAAEAAQRA/GKPCPLDEILNADKFASVHAFATTELTNCVIDLTAIANSGTWDVFKCYGLPVEEAQGRCFTRVLADSFVTRGKEVKEIAPGATGRIADYNFRLPADFTGCVLARNITDKYCKPGGNFTYHYRRYAPRPLAPFERDTSTEIYQLGPTPCNGVEGPDCVNPWEAYNCEPTQPPEEQPYRVVVLRFELTDEPPTVCG
design_AF_6M0J_243_seq4,design_AF_6M0J_243,MSAKSKELKEKIAKQLA/GKPCPLDDILNADTYASIYDFATTELKNCVIDWTSIKNSGTWDVFKSYGIPVDELQNYCFTLVKADSFVTRGSEVKEIAPGQTGRIADYNYRLPADFTGIVIARNVTDKYCKEGGNFTYKYRRYAPKPLAPYEKDTSTEIYQAGPKPCNGKVGPNCYNPWKAYNCEPTQPASEQPYAVVIFRFEVSDEPPTVCG
design_AF_6M0J_243_seq5,design_AF_6M0J_243,MSPQSKKLLELIKKQKA/GKPCPLESILNAETFASIYDFSTTELTNCVIDLTALANSGTWDVLKSYGIPIEEAQNMCFTRVLAHSFVTRGKDVKEIAPGQKGKIADYNFRLPEDFTGVVIARNITDKYCKPGGNFTYKYRKYAPSPLKPYEKDTSTDIYQLGSTPCNGKEGPNCVNPIEAYNCEPSQPPEEQPYRVVVLDFELSSEPPTVCG
design_AF_6M0J_243_seq6,design_AF_6M0J_243,MSPVSKELLEKIKKQLA/GKPCPLESIINADTFASVYNFAKTVLKNCVIDLLSIKNSGEWDVFKCYGLPVEELQNHCFNEVLAYSFVVKGKDVKEIAPGATGEIADYNFRLPADFNGCVIAKDITDKYCKEGGNFTYKYRKYAPKPLAPFEKDTSTDIYQLGSTPCNGKEGPNCVNPIKAYNCEPSQPKEEQPYRVIVLDFFVTEEPATVCG
design_AF_6M0J_243_seq7,design_AF_6M0J_243,MSAISEELLKKIEEQKK/GKPCPLDEILNASTYASIYAFSKTVLENCVIDLLSIANSGTWDVFKCYGLPVEELQNHSFTRVLAYSFVTKGKDVKEVAPGQTGAIADYNFRLPADFTGCVLAKNVTDKYCVSGGNTTYKYRAYAPKPLAPYEVDTSTDIYQLGSTPCNGKEGPNCVNPIKAYNCEPSDPPENQPYAVVVLDFEVSDEPATVYG
design_AF_6M0J_243_seq8,design_AF_6M0J_243,MSPQSLQLREQIARQKA/GKPCPLEDILNADTFASVYDFATTTLENCVIDLLAIKNSGEWDVFKCYGMPVEEMQNMCFTRVTADSFVTRGKDVSEIAPGKTGEIADYNYRLPADFTGCVIARNITDKYCKPGGNFTYKYRKYAPKPLAPYEKDTSTDIYQANSTPCNGKVGPGCYDPIKAYNCEPSQPPEEQPYRVVVLRFEVTDEPATVCG
design_AF_6M0J_243_seq9,design_AF_6M0J_243,MSPESLELLRKMEELLA/GRPCPLEDILNAEKFASVYDFATTTLTNCVIDLTSIANSGEWDVFKCYGMPVEELQNKCFTEVTADSFVTRGKDVKEIAPGATGKIADYNFRLPEDFTGCVLAKNITDKYCKEGGNFTYKYRKYAPSALAPYEKDTSTDIYELCSTPCNGKEGPCCVNPWEAYNCEPSQPPEEQPYRVIVLRFSLSSKPPTVCG
design_AF_6M0J_243_seq10,design_AF_6M0J_243,MSPLSLEFLRRNKEQEA/GKPCPLEEILNAEEFASIYDFATTTLTNCVIDLTSIKNSGEWDVFKCYGLPVDELQNRSFTEVKAHSFVTKGKDVKEIAPGQKGKIADYNYRLPEDFNGCVLAKNITDKYCKKGGNKTYKYRKYAERPLKPYEKDTSTDIYQLGSTPCNGKEGPNCVNPIEAYNCEPTDPPEEQPYRVVVLDFSLSSAPPTVSG
design_AF_6M0J_11_seq1,design_AF_6M0J_11,GAAAKAATLARIAALA/DKPCPLDSIINASSFASIYAFSKTKLTNCKINFLSIKNSNEWDVFKCYGIPVEELQNLSFTEVYAYSFVTKGKEVKEIAPGATGRIADYNFRLPADFRGCVIAKDITDKYCKSGGNFTYKYREYATKPLAPYEKDTSTDIYQLNSTPCNGKEGPGCVNPIKAYNCEPSDPPENKPYRVIILDFTISDKPATVYG
design_AF_6M0J_11_seq2,design_AF_6M0J_11,GLAEKLATEARLAALA/GRPCPLESILNAATFASIYDFAKTVLSNCVIDLTSIANSGTWDVFKCYGCPVAELQGLCFTRVLAYSFVTKGKEVKEIAPGQTGKIADYNFRLPADFRGCVIAKNITDKYAKEGGNFTYKYRKYAPKPLAPFEKDTSTDIYQLNTTPCNGKTGPGCVDPIEAYNFEPSQPPEEQPYAVVVLRFELSDAPATVCG
design_AF_6M0J_11_seq3,design_AF_6M0J_11,GLAAKLAELARIAALA/GKPCPLDSILNASSFASVYNFSVTTIKNCVIDLTSIKNSGTWDVFKAYGVPVEEAQNLSWTEVKAYSFVTRGKEVKEIAPGATGKIADYNFRLPADFRGWVLARNVKDKYCKEGGNFTYKYRKYAPSPLAPYEKDTSTDIYQLNSTPCNGVVGPGCVNPWEAYNCEPSQPEEEQPYQVVVLDFTLSDEPATVYG
design_AF_6M0J_11_seq4,design_AF_6M0J_11,GAAERAAEEARIAALA/GKPCPLDDVLNASEFASIYDFAETVLENCVIDLTSIASSGTWDVFKAYGIPVEEAQHLCFHRVRAYSFVTRGKHVKEIAPGQTGEIADYNFRLPADFRGVVIARNITDKYCKPGGNFKYKYRRYAPRPLAPFEKDTSTDIYQANATPCNGKEGPGCYNPWEAYNCEPSQPPEEQPYRVVVLDFELSDEPCTVCG
design_AF_6M0J_11_seq5,design_AF_6M0J_11,GLAAKLAEEARLAALA/GRPCPLDDILNADTYASIYAFATTTLTDCVIDLLSIANSGTWDVFKCYGAPVAELQNLCFTRVLAHSFVTRGKDVAEIAPGATGKIADYNFRLPADFRGCVIARDITDKYCKSGGNFTYKYRKYAPKPLAPYERDTSTDIYQLNSTPCNGKVGPGCVNPIEAYNCEPSQPKSEQPYRVVVLDFHLSDAPATVCG
design_AF_6M0J_11_seq6,design_AF_6M0J_11,GAAEKAAELARLEALR/DKPCPLEEILNAEKFASIHAFSRTVLENCKIDFTSIKNSGTWDVFKCYGCPIDELQNMSFTRVYAYSFVTKGKDVKEIAPGQTGKIADYNFRLPADFRGCVIAKNIKDKYCKEGGNFTYHYRAYAPKPLAPFEKDTSTDIYQLGSTPCNGKEGPNCVNPWKAYNCEPSQPASEQPYRVVILDFELSDEPATVYG
design_AF_6M0J_11_seq7,design_AF_6M0J_11,GKEEKERQLKLIEELK/GKPCPLADILDADTFASIYAFATTVLENCVIDLVAIKNSGTWDVFKCYGIPVDELQNMCFTRVTADSFVTKGKDVKEIAPGATGRIADYNYRLPADFRGCVLARNITDKYCKEGGNFTYKYRRYAPAPLAPYERDTSTDIYQANSAPCNGVTGPGCYNPIEAYNCEPSDPPENQPYRVVVLRFELSDEPATVCG
design_AF_6M0J_11_seq8,design_AF_6M0J_11,GLLEKLKTLKKIEELK/DKPCPLSEIFDAPTFASVYSFATTELKNCKIDLLSIANSGTWDVFKCYGIPIEELQNLSFTKVLAHSFVTRGKEVKEIAPGQTGRIADYNFRLPEDFTGCVIARNGTATYCKPGGNFTYKYRKYAPRPLAPFEKDTSTDIYQLGPRPCNGKTGPNCVDPIKAYNCEPSQPPEEQPYRVVVLDFFISDEPATVYG
design_AF_6M0J_11_seq9,design_AF_6M0J_11,GLEEKERELRRIEELR/GKPCPLESILNASEFASIYDFSSTTLTNCVIDLTSIKNSNTWDVFKCYGIPVEEAQNLSFTTVTAYSFVTRGREVKEIAPGQTGRIADYNFRLPADFRGCVLAKNVTDKYCKPGGNFTYKYRRYAPKPLAPFEKDTSTDIYQLNSTPCNGKVGPGCVNPIEAYNCEPTDPPENQPYRVVVLRFEISDKPATVYG
design_AF_6M0J_11_seq10,design_AF_6M0J_11,GLEEREATLERIEALR/GKACPLDSILNASSFASVYDFATTTLTNCVIDLNAIKNSGTWDVFKCYGIPVEEAQHMSFTTVTAHSFVTRGKEVKEVAPGQTGRIADYNFRLPEDFRGCVIARNVTDKYCVSGGNTTYKYREYRERPLEPFERDTSTDIYQLNSTPCNGKEGPGCVNPIKAYNCEPTQPASEQPYAVVVLDFHLSDEPATVSG
design_AF_6M0J_186_seq1,design_AF_6M0J_186,VPAAEARRRWEAARAA/DKPCPLDSIINASSFASIYNFSKTKLTNCKINLLAIKNSNTWDVFKPYGVDVADAQNLAFNEVYAYSFVTKGKEVKEIAPGATGRIADYNFRLPADFTGIVIAKDITDKYCKSGGNFTYKYREYATKPLAPFEKDTSTDIYQLNSTPCNGKEGPGCVNPIKAYNCEPSDPPENKPYRVIILEFKLTDKPATVYG
design_AF_6M0J_186_seq2,design_AF_6M0J_186,VSAEEARARWAAAKAA/GKPCPLESILNAATFASIYDFAETVLSNCVIDLTSIANSGTWDVLKCYGLPISVAQGLCFNTVKAYSFVTRGKEVKEIAPGQTGRIADYNFRLPADFTGCVIAKNITDKYAKEGGNFTYKYRKYAPAPLKPFEKDTSTDIYQLNSTPCNGKTGPGCVDPIEAYNFEPTDPPENQPYAVVVLDFELTDAPATVCG
design_AF_6M0J_186_seq3,design_AF_6M0J_186,VSAAEARERWAALKAA/GKACPLDSILNASSFASVYNFSVTTIKDCVIDLTSIKNSGTWDVFTPYGVPVEDAQNLAWNEVKAYSFVTRGKEVKEIAPGATGKIADYNFRLPADFTGWVLARNVKDKYCKEGGNFTYKYRKYAPSPLAPFEKDTSTDIYQLNSTPCNGVVGPGCVNPWEAYNCEPSQPEEEQPYQVVVLDFTLTDEPATVYG
design_AF_6M0J_186_seq4,design_AF_6M0J_186,MSAEEARKRWEEAKLK/GKPCPLDDVLNASEFASIYDFAETVLENCVIDLTSIKNSGTWDVFKPYGIPVEEAQNLCWHRVRAYSFVTRGKHVKEIAPGQTGEIADYNFRLPADFTGVVIARNITDKYCKPGGNFKYKYRRYAPRPLAPFEKDTSTDIYQANATPCNGKEGPGCYNPWEAYNCEPSQPPEEQPYRVVVLDFELSDEPCTVCG
design_AF_6M0J_186_seq5,design_AF_6M0J_186,VPAAEARRRWEAAKAA/GRPCPLDDILNADTYASIYAFATTTLTDCVIDLTAIANSGTWDVFKCYGIPVEVAQNLCWNRVLAHSFVTRGKDVKEIAPGQTGKIADYNFRLPADFTGCVIARDITDKYCKSGGNFTYKYRKYAPKPLAPYERDTSTDIYQLNSTPCNGKVGPGCVNPIEAYNCEPTQPKEEQPYRVVVLDFHLTDAPATVCG
design_AF_6M0J_186_seq6,design_AF_6M0J_186,VPAAEARARWEAARAA/GKPCPLEEILNAEKFASIHAFSRTVLENCVIDFTSIANSGTWDVFKPYGVPIEEMQGLAFTRVYAYSFVTKGKDVKEIAPGQTGKIADYNFRLPADFRGVVLAKNIKDKYCKEGGNFTYHYRAYAPKPLAPFEKDTSTDIYQLGSTPCNGKEGPNCVNPWKAYNCEPSQPASEQPYRVVIFEFELSDEPATVYG
design_AF_6M0J_186_seq7,design_AF_6M0J_186,VPAEEARARWEAAKAA/GKPCPLADILDADTFASIYAFATTVLENCVIDLVAIKNSGTWDVFKCYGIPVDEMQNLCFTRVTADSFVTKGKDVKEIAPGATGRIADYNYRLPADFTGCVLARNITDKYCKEGGNFTYKYRRYAPAPLAPYERDTSTDIYQANSTPCNGVTGPGCYNPIEAYNCEPTDPPENQPYRVVVLRFELSDEPATVCG
design_AF_6M0J_186_seq8,design_AF_6M0J_186,VPAAEAKARWAALKAA/DKPCPLSEIFDAPSFASVYSFATTELTNCKIDLTSIANSGTWDVFKPYGIPIEDAQNLAFNKVLAHSFVTRGKEVKEIAPGQTGRIADYNFRLPEDFTGVVIARNGTSKYCKPGGNFTYKYRKYAPRPLAPFEKDTSTDIYQLGPRPCNGKTGPNCVDPIKAYNCEPSQPPEEQPYRVVVLDFFLTDEPATVYG
design_AF_6M0J_186_seq9,design_AF_6M0J_186,VDAATARARWEALKAE/DKPCPLESILNASEFASIYDFATTTLTNCVIDLTSIKNSNTWDVFKCYGVPVEDAQNLAWTTVTADSFVTRGREVKEIAPGQTGRIADYNYRLPADFTGCVLAKNVTDKYCKPGGNFTYKYRRYATKPLAPFEKDTSTDIYQLNSTPCNGKVGSGCVNPIEAYNCEPTDPPENQPYRVVVLRFELSDKPATVYG
design_AF_6M0J_186_seq10,design_AF_6M0J_186,VPAEEARKRWEAAKAA/GKACPLDSILNASSFASVYDFATTTLTNCVIDLNAIKNSGTWDVFKCYGVDVATAQNLAFNKVTAHSFVTRGSEVAEVAPGQTGRIADYNFRLPADFTGCVIARNVTDKYCVSGGNTTYKYREYRERPLAPFERDTSTDIYQLNSTPCNGKEGPGCVNPIKAYNCEPTQPASEQPYAVVVLDFELTDEPATVYG
design_AF_6M0J_279_seq1,design_AF_6M0J_279,EELIRELKELQERQR/GKPCPLDSILNASSFASIYDFAETVLENCVIDLLSLANSGTWDVFKCYGLPVEELQNFGFNRVTAYSFVTRGKDVKEIAPGQTGKIADYNFRLPEDFTGCVIAKDITDKYCVSGGNTTYKYRRYAPRPLKPFEKDTSTDIYQLGPTPCNGKEGPNCVNPIEAYNCEPSQPKEEQPYRVVILDFELTDEPATVVG
design_AF_6M0J_279_seq2,design_AF_6M0J_279,SLLEELLRLLSELQA/GSACPLSSILNASTFASIYDFAVTTLSNCTIDLTSLANSGTWDVFKCYGIPVEELQNFSFNEVRAYSFVTRGKEVKEIAPGQTGKIADYNFRLPADFRGCVIARDITDKYCKEGGNFTYKYREYAPRPLAPFERDTSTDIYQLCSTPCNGKTGPCCVNPIKPYNCEPTQPASEQPYRVVVLDFTLTPEPGTVSG
design_AF_6M0J_279_seq3,design_AF_6M0J_279,AELVERLRRLQEAAL/GRPCPLESILDAEEFASIYDFAETLLENCRIDLTALANSGEWDVFKCFGIPVEELQGFAFNRVYAYSFVTRGKEVKEIAPGATGKIADYNFRLPADFTGCVIARDITDKYCKEGGNFTYKYRKYATKPLAPYEKDTSTEIYQANSTPCNGVTGPGCYNPIEAYNCEPSQPPEEQPYRVVVLRFELTPEPATVYG
design_AF_6M0J_279_seq4,design_AF_6M0J_279,SALIAQLRELQALQL/GKPCPLDAVLNADEFASIYDFAETTLTNCVIDFLSIKNSGTWDVFKCYGIPIEELQNFCFNRVTARSFVTKGSEVKEIAPGQTGKIADYNFRLPADFRGCVLAKDVTDKYCKPGGNFKYKYRKYAPKPLAPFEKDTSTDIYQAGSTPCNGKEGPNCYNPIEAYNCEPSDPPSEQPYAVVVLDFHLTPEPATVCG
design_AF_6M0J_279_seq5,design_AF_6M0J_279,SALLARLRELQARQL/GKPCPLDSILNASSFASIYAFSTTVLENCVIDLTSLKNSGTWDVFKCYGIPVEEAQNMCFNRVTADSFVTKGSEVSEIAPGATGRIADYNYRLPADFRGCVIARNITDKYCKPGGNTTYKYRKYATAPLAPYEKDTSTDIYQKGSKPCNGKEGPDCVNPIEAYNCEPTDPPANQPYRVVVLRFELTDEPATVCG
design_AF_6M0J_279_seq6,design_AF_6M0J_279,SELLAKLRELQALAL/GKPCPLESILNAESFASIHAFATTVLSNCVIDFLSLKNSGEWDVFKCYGIPVDELQNMCFNRVTADSFVTRGSEVKEIAPGQTGRIADYNYRLPADFRGCVIAKDITDKYCKPGGNFTYTYRKYAPRPLAPYERDTSTAIYQLNATPCNGVTGSGCVNPLEAYNCEPSDPPENQPYRVVVLRFEQTPEPATVCG
design_AF_6M0J_279_seq7,design_AF_6M0J_279,SELKKKLKELQKKAL/GKPCPLDAVLNAATFASVYAFATTTLTNCVLDLLSIKNSGTWDVFKCYGIDPEELQNMCFNTVTAYSFVTRGKDVKEIAPGATGKIADYNFRLPADFTGCVLARNVTAKYCKPGGNTTYKYRAYAPAPLAPYERDTSTDIYQLGSTPCNGVEGPNCVNPIVAYNCEPSQPPEEQPYAVVVLDFTQSSAPATVCG
design_AF_6M0J_279_seq8,design_AF_6M0J_279,SALLEELRRLQEERL/GKPCDLDSILNASTFASIYDFAETVIENCKIDLLSIKNSGTWDVFKCYGIPVEEAQNLSFTRVTAYSFVTKGKDVKEIAPGATGKIADYNFRLPADFRGCVIAKNITSKYCKSGGNTTYKYRKYAPAPLKPYEKDTSTDIYQAGSTPCNGKVGPNCYNPIESYNCEPTQPPEEQPYRVVVLRFELSDKPATVYG
design_AF_6M0J_279_seq9,design_AF_6M0J_279,SELLEQLRQQQLLAL/GKPCPLDSILNASSFASVYAFSTTTLKNCVIDLTAIKNSGTWDVFKSYGIPVEEAQNLCWNEVLAHSFVTRGKEVKEVAPGATGKIADYNFRLPEDFTGIVLAKDVTDKYCKPGGNFTYKYRKYAPKPLAPFEKDTSTDIYQLGPKPCNGKVGPNCVNPIEAYNCEPSQPPEEQPYRVVVLDFKQTSEPCTVCG
design_AF_6M0J_279_seq10,design_AF_6M0J_279,EELEKELEELQKLQL/DKPCPLDSIFNASTYASIYDFAETVLENCVIDLLSIANSGTWDVFKCYGLPIEKAQHYSFNKVTAYSFVTRGKEVKEIAPGATGRIADYNFRLPADFRGCVLAKDVTDKYCKSGGNFTYKYRRYAPAPLAPYERDTSTDIYQLGSTPCNGKEGPNCVNPIKAYNCEPSQPKEEQPYRVVVLDFELTDKPATVYG
design_AF_6M0J_77_seq1,design_AF_6M0J_77,MAAKAAAFLAKSAARL/DKPCPLDSIINASSFASIYAFSKTKLTNCKINFLSIKNSNEWDVFKCYGIPVEELQNHAFTEVYAYSFVTKGKDVKEIAPGATGKIADYNFRLPEDFLGCVIAKDITDKYCKSGGNFTYKYREYATKPLAPYEKDTSTDIYQLNSTPCNGKEGPGCVNPIKAYNCEPSDPPENKPYRVIILDFTLTDKPPTVYG
design_AF_6M0J_77_seq2,design_AF_6M0J_77,REEVAERFRRLAEERL/GKPCPLESILNAATFASIYDFASTVLSNCVIDLLSIKNSGTWDVFKCYGMPIEEMQNYCFTKVTADSFVTKGKEVKEIAPGETGKIADYNYRLPEDFTGCVIAKNITDKYAKEGGNFTYKYRKYAPKPLQPYEKDTSTDIYQLNTTPCNGKTGPGCVDPIEAYNFEPSQPPEEQPYAVVVLRFELSDEPATVCG
design_AF_6M0J_77_seq3,design_AF_6M0J_77,REATAAAFRAAAAARL/GKPCPLDSILNASSFASVYNFSVTTIKDCVIDLTSIKNSGTWDVFKWYGIPVEEAQNYAWTEVKAYSFVTRGKEVKEIAPGATGKIADYNFRLPDDFLGVVLARNVKDKYCKEGGNFTYKYRKYAPSPLAPFEKDTSTDIYQLNSTPCNGVVGPGCVNPWEAYNCEPSQPEEEQPYQVVVLDFTLTDEPATVYG
design_AF_6M0J_77_seq4,design_AF_6M0J_77,MEEVAERFRRLAEERL/GKPCPLDDVLNASEFASIYDFAETVLENCVIDLTSIKNSGTWDVFKCYGIPVEEAQNYCFTRVRAYSFVTRGKHVKEIAPGQTGEIADYNFRLPEDFLGCVIARNITDKYCKPGGNFKYKYRRYAPRPLAPFEKDTSTDIYQANATPCNGKEGPGCYNPWEAYNCEPSQPPEEQPYRVVVLDFELSDEPCTVCG
design_AF_6M0J_77_seq5,design_AF_6M0J_77,AAAAAAAFRAAAAARA/GRPCPLDDILNADTYASIYAFATTTLTDCVIDLLSLANSGTWDVFKCYGMPVAELQNACFTRVLAHSFVTRGKDVKEIAPGQTGKIADYNFRLPPDFLGCVIARDITDKYCKSGGNFTYKYRKYAPKPLAPYERDTSTDIYQLNSTPCNGKVGPGCVNPIEAYNCEPSQPKEEQPYRVVVLDFHLSDAPATVCG
design_AF_6M0J_77_seq6,design_AF_6M0J_77,QAAAAEAFRERARARL/GKPCPLEEILNAEKFASIHAFSRTVLENCVIDFTSIKNSGTWDVFKCYGMPIDELQNYAFTRVYAYSFVTKGKDVKEIAPGQTGKIADYNFRLPDDFLGCVLAKNIKDKYCKEGGNFTYHYRAYAPKPLAPFEKDTSTDIYQLGSTPCNGKEGPNCVNPWKAYNCEPSQPASEQPYRVVIFDFELSDEPATVYG
design_AF_6M0J_77_seq7,design_AF_6M0J_77,MAAVAAAFRAAAAARR/GRPCPLADILDADTFASIYAFATTVLENCVIDLVALKNSGTWDVFKCYGIPVDELQNYAFTRVTADSFVTKGKDVKEIAPGATGRIADYNYRLPADFTGCVIARNITDKYCKEGGNFTYKYRRYAPAPLAPYERDTSTDIYQANSTPCNGVTGPGCYNPIEAYNCEPSDPPENQPYRVVVLRFELSDEPATVRG
design_AF_6M0J_77_seq8,design_AF_6M0J_77,MEEVFERFKKEIEERN/DKPCPLDEILNAPSFASVYSFATTELKNCKIDLLSIKNSGTWDVFKSYGIPIEELQNYSFTKVLAHSFVTRGKEVKEIAPGQTGRIADYNYRLPEDFTGIVIARNGTSLYCKPGGNFTYKYRKYAPRPLAPFEKDTSTDIYQLGPRPCNGKTGPNCVDPIKAYNCEPSQPPEEQPYRVVILDFFITEEPATVYG
design_AF_6M0J_77_seq9,design_AF_6M0J_77,MEEAAERFKRLAEERL/GKPCPLESILNASEFASIYDFSSTELTNCVIDLTSIKNSGTWDVFKCYGIPVEEAQNYCFTKVTADSFVTRGREVKEIAPGQTGRIADYNYRLPADFLGCVLAKNVTDKYCKPGGNFTYKYRRYATKPLAPFEKDTSTDIYQLNSTPCNGKVGSGCVNPIEAYNCEPTDPPENQPYRVVVLRFELSEEPCTVCG
design_AF_6M0J_77_seq10,design_AF_6M0J_77,QAAAAAAFREAAAARA/GKACPLDSILNASSFASVYDFAETVLTNCVIDLTAIKNSGTWDVFKCYGIPVEEAQHRSFTRVTADSFVTRGSEVAEVAPGQTGRIADYNYRLPDDFLGCVIARNVTDKYCVSGGNTTYKYREYRERPLAPFERDTSTDIYQLNSTPCNGKEGPGCVNPIKAYNCEPTQPASEQPYAVVVLRFELSEEPATVSG
design_AF_6M0J_284_seq1,design_AF_6M0J_284,AELSLEEQIALYKAK/GKECDLDSILNASSFASIYDFAETVLENCVIDFLKIKNSGTWDVFKCYGIPVEKLQNYSFTKVTARSFVTRGKDVKEIAPGQTGKIADYNYRLPEDFRGCVIAKDITDKYCVSGGNTTYKYRRYAPRPLAPYEKDTSTDIYQLGPTPCNGKEGPNCVNPIEAYNCEPSQPKEEQPYRVVILDFEISDEPATVYG
design_AF_6M0J_284_seq2,design_AF_6M0J_284,EELSLEELIELYKKK/GKACPLDSILNASTFASIYDFAVTTLKNCKIDILSIKNSGTWDVFKCYGIPPEKLQNYSFTEVKAYSFVTRGKEVKEIAPGQTGKIADYNFRLPADFRGCVIARDITDKYCKEGGNFTYKYREYAPRPLAPFERDTSTDIYQLCSTPCNGKTGPCCVNPIKPYNCEPTQPASEQPYRVVVLDFSISEEPATVYG
design_AF_6M0J_284_seq3,design_AF_6M0J_284,ARLSLAELLARYAAA/GRPCPLASILDAEKFASIYDFAETVLEGCRLDLTALAASGEWDVFKCFGCPVEELQGRAFTRVTAYSFVTRGKEVKEIAPGATGKIADYNFRLPADFRGCVIARDITDKYCKEGGNFTYKYRKYATKPLAPYEKDTSTEIYQANSTPCNGVTGPGCYNPIEAYNCEPSQPPEEQPYRVVVLRFELTPAPATVRG
design_AF_6M0J_284_seq4,design_AF_6M0J_284,EELSLEEQIELYKAK/GKPCPLDAVLNADEFASVYDFAETTLTNCVIDFLSIKNSGTWDVFKCYGIPIEELQNKCFTKVTARSFVTKGSEVKEIAPGQTGKIADYNFRLPADFKGCVLAKDVTDKYCKPGGNFKYKYRKYAPKPLAPFEKDTSTDIYQAGSTPCNGKEGPNCYNPIEAYNCEPSDPPSEQPYAVVVLDFEISDEPATVCG
design_AF_6M0J_284_seq5,design_AF_6M0J_284,TELSFLELVRKYLAK/GKPCPLDSILNASSFASIYAFSTTVLENCVIDLTSLKNSGTWDVFKCYGCPVEELQNMCFTRVTADSFVTKGSEVSEIAPGATGRIADYNYRLPADFRGCVIARNITDKYCKPGGNTTYKYRKYATAPLAPYEKDTSTDIYQKGSKPCNGKEGPDCVNPIEAYNCEPTDPPANQPYRVVVLRFEISDEPATVCG
design_AF_6M0J_284_seq6,design_AF_6M0J_284,EEKSLDELIEEYLEE/GRPCPLESILNAESFASIHAFATTVLRDCVIDFLALKNSGEWDVFKCYGLPVDELQNKCFTRVTADSFVTRGSEVKEIAPGQTGRIADYNYRLPADFRGCVIAKDITDKYCKPGGNFTYTYRKYAPRPLAPYERDTSTAIYQLNATPCNGVTGSGCVNPLEAYNCEPSDPPENQPYRVVVLRFELSDEPATVCG
design_AF_6M0J_284_seq7,design_AF_6M0J_284,KKLSLKELIELYKKK/GAPCPLDAVLNAATFASVYAFATTTLTNCVLDILSIKNSGTWDVFKCYGIDPEELQNECFTTVTAYSFVTRGKDVKEIAPGATGKIADYNFRLPADFRGCVLARNVTAKYCKPGGNTTYKYRAYAPAPLAPYERDTSTDIYQLGSTPCNGVEGPNCVNPIVAYNCEPSQPPEEQPYAVVVLDFTISSAPATVCG
design_AF_6M0J_284_seq8,design_AF_6M0J_284,EELSFEELVELYNLE/GKPCDLDSVLNASTFASIYDFAETVIENCTIDLLSIKNSGTWDVFKCYGIPVEKAQNYSFTRVTAYSFVTKGKDVKEIAPGATGKIADYNFRLPADFRGCVIAKNITSKYCKSGGNTTYKYRKYAPAPLKPYEKDTSTDIYQAGSTPCNGKVGPNCYNPIESYNCEPTQPPEEQPYRVVVLRFELSPEPATVSG
design_AF_6M0J_284_seq9,design_AF_6M0J_284,MELSLKEEIELYKKK/GKPCPLDSILNASSFASVYAFSTTTLTNCTIDLTAIKNSGTWDVFKSYGIPVEEAQNYSFTTVTADSFVTRGKEVKEVAPGATGKIADYNYRLPEDFKGIVLAKDVTDKYCKPGGNFTYKYRKYAPKPLAPFEKDTSTDIYQLGPKPCNGKVGPNCVNPIEAYNCEPSQPPEEQPYRVVVLRFEISSEPATVSG
design_AF_6M0J_284_seq10,design_AF_6M0J_284,EELSLEELIELYLKK/DKPCPLDSIFNASTYASIYDFAETVLENCKIDLLSIANSGTWDVFKCYGLPIEKAQHYSFTKVTAYSFVTRGKEVKEIAPGATGRIADYNFRLPADFRGCVLAKDVTDKYCKSGGNFTYKYRRYAPAPLAPYERDTSTDIYQLGSTPCNGKEGPNCVNPIKAYNCEPSQPKEEQPYRVVVLDFEISDKPPTVYG
design_AF_6M0J_287_seq1,design_AF_6M0J_287,LVPAEEARARWEALRAQLAA/LKPCPLESILNAEEFASVYDFATTTLTNCVIDLTSIKNSGTWDVFKPYGIPVEDAQNLCWTTVLAHSFVTKGKEVSEIAPGKTGEIADYNFRLPADFTGVVIARNIKDKYCKEGGNFTYKYRKYAPSALAPFEKDTSTDIYQLNSTPCNGKTGPGCVNPIKAYNCEPSQPDSEQPYRVVVLDFHLSDEPCTVCG
design_AF_6M0J_287_seq2,design_AF_6M0J_287,LVDAAEARARWAALQARLAA/LKPCPLDSILNAEKFASIYDFEVTDLTNCVIDLLSIKNSGKWDVFKCYGVPPEEAQNLAFNLVKAYSFVTKGKEVKEIAPGQTGRIADYNFRLPSDFRGCVIAKNITDKYCKKGGNFTYKYRKYAPSPLAPYEKDTSTDIYQLNSTPCNGKTGPGCVDPWKAYKCEPSQPKEKQPYRVIVLDFELTDEPCTVFG
design_AF_6M0J_287_seq3,design_AF_6M0J_287,LVDAAEARARWEALRAALAA/GKACPLDSILNAEEFASIYDFAKTVLENCVIDLNAIKNSGEWDVFKSYGVPVEEAQGLAWTRVYAYSFVTRGKDVKEIAPGATGEIADYNFRLPADFTGIVLAKNITDKYCKPGGNFKYKYRAYATKPLAPFEKDTSTDIYQLGSTPCNGKEGPNCVNPIKAYNCEPTDPPENQPYRVVILDFELTDEPATVYG
design_AF_6M0J_287_seq4,design_AF_6M0J_287,LVPAEEARARWEALRAALAA/LKPCPLESILNAEEFASIYDFEVTELSNCVIDWLSIKNSGTWDVFKCYGVPPEEMQNLCFNKVLAYSFVTKGKEVKEIAPGQKGKIADYNFRLPADFTGCVIAKDITDKYCKEGGNFTYKYREYAEKPLKPFEKDTSTKIYQLCSKPCNGKEGKCCVNPIKAYNCEPSDPPENQPYRVVVFRFELTDEPCTVCG
design_AF_6M0J_287_seq5,design_AF_6M0J_287,LVPAEEARARWEALRARLAA/DKPCPLDSILNAKEYASIYDFARTVLRNCVIDLTKIKNSGTWDVFKCYGAPVEELQNLAFTEVTADSFVTKGKDVKEIAPGQTGKIADYNYRLPADFTGCVIAKNITDKYCKKGGNTKYKYREYATKPLAPYEKDTSTDIYQLNSTPCNGKTGPGCVNPIKAYNCEPTQPASEQPYKVVILDFHLTDEPATVYG
design_AF_6M0J_287_seq6,design_AF_6M0J_287,LVPAEEARARWEALLAELAA/GVPCDLDSILNASSYASIYNFSKTTITNCVIDLLAIKNSGEWDVFKWYGVPVERAQGLCWTRVDAYSFVTKGKDVKEIAPGQTGKIADYNFRLPADFRGVVLAKDVTDKYCKSGGNTTYKYRKYAPKPLKPYEKDTSTDIYQLGPTPCNGKEGPNCVNPIEAYNCEPTQPKEEKPYRVVVLDFHLSDEPATVCG
design_AF_6M0J_287_seq7,design_AF_6M0J_287,LVPAAEARARWAALRARLAA/LKPCPLDSILNASSYASIYNFASTVLSNCVIDLNAIKNSGTWDVFKCYGVPIDEAQGLCFTRVTAHSFVTKGSEVKEIAPGAKGKIADYNYRLPEDFTGCVLAKNVTDKYCKSGGNTTYKYREYAPKPLEPFEKDTSTDIYQLGPTPCNGKVGPNCVNPIKAYNCEPTDPPEKQPYRVVILEFHLSDEPCTVCG
design_AF_6M0J_287_seq8,design_AF_6M0J_287,LVPAAEARARWAALREALAA/GRPCPLESILNAEEFASVYDFARTVLRNCRIDLVAIANSGEWDVFRCFGVPVEDAQGLCWTEVTADSFVTRGKDVAEVAPGATGEIADYNYRLPADFTGCVIARDVTDKYCKEGGNFTYRYRKYAERPLAPYERDTSTDIYQLNDKPCNGKEGEGCVNPIKPYNCEPSQPPSEQPYRVVVLRFTLSDAPATVCG
design_AF_6M0J_287_seq9,design_AF_6M0J_287,LVPAAEARARWAALRAELAA/GKPCPLDAVLNASTFASIYDFAKTTLTDCIIDLTAIKNSGTWDVFKCYGVPVDRAQGLCFNRVDAYSFVTKGKHVKEIAPGQTGRIADYNFRLPEDFTGCVLAKNITDKYCKEGGNFTYKYREYAPKPLKPYEKDTSTDIYQANSTPCNGKVGPGCYNPWKAYNCEPTQPKEEQPYQVVILDFHLTDEPCTVCG
design_AF_6M0J_287_seq10,design_AF_6M0J_287,LVPAAEARARWAALRARLAA/GKPCPLESILNASEFASIYDFSVTTLSNCVIDFTSIKNSGTWDVFKAYGVPVDELQGLCFNEVLAYSFVTRGSHVSEIAPGKTGEIADYNFRLPADFTGIVLAKNITDKYCKSGGNTTYKYRKYAPKPLAPYEKDTSTDIYQLNSKPCNGKEGPGCVNPIEAYNCEPTQPASEQPYAVVVFDFHLTDAPCTVCG
